<?xml version="1.0" encoding="UTF-8"?>
<addon id="skin.estuary.flex" version="4.38" name="Estuary Flex" provider-name="Stas Blagodatny">
	<requires>
		<import addon="xbmc.gui" version="5.17.0"/>
		<import addon="xbmc.python" version="3.0.0"/>
		<import addon="script.module.requests"/>		
		<import addon="script.module.beautifulsoup4"/>		
	</requires>
		
	<extension point="xbmc.gui.skin" debugging="false">
		<res width="1920" height="1440" aspect="4:3" default="false" folder="xml" />
		<res width="1920" height="1280" aspect="3:2" default="false" folder="xml" />
		<res width="1920" height="1200" aspect="16:10" default="false" folder="xml" />
		<res width="2040" height="1080" aspect="17:9" default="false" folder="xml" />
		<res width="1920" height="1080" aspect="16:9" default="true" folder="xml" />
		<res width="2560" height="1080" aspect="21:9" default="false" folder="xml" />
		<res width="2338" height="1080" aspect="19.5:9" default="false" folder="xml" />
		<res width="2160" height="1080" aspect="18:9" default="false" folder="xml" />
	</extension>	
	<extension point="xbmc.python.library" library="script.py"/>
	<extension point="xbmc.addon.metadata">
		<platform>all</platform>
		<assets>
			<icon>resources/icon.png</icon>
			<fanart>resources/fanart.jpg</fanart>
			<screenshot>resources/screenshots/Home.jpg</screenshot>
			<screenshot>resources/screenshots/List.jpg</screenshot>
			<screenshot>resources/screenshots/Shift.jpg</screenshot>
			<screenshot>resources/screenshots/Wall.jpg</screenshot>
			<screenshot>resources/screenshots/Info.jpg</screenshot>			
		</assets>
		<summary lang="eu_ES">Estuary Flex skin</summary>		
		<description lang="en_US">Estuary Flex is a fork from Kodi's official Estuary skin. It provides fully configurable home window as well as superb look and feel.</description>		
	</extension>
</addon>
