﻿<?xml version="1.0" encoding="UTF-8" standalone="yes"?>
<addon id="script.module.helpers" version="1.36" name="Helpers" provider-name="Stas Blagodatny">
<requires>
  <import addon="xbmc.python" version="3.0.0"/> 
  <import addon="script.module.beautifulsoup4"/>
  <import addon="script.module.requests"/>
  <import addon="script.module.future"/>
  <import addon="script.module.six" />
</requires>
<extension point="xbmc.python.module" library="lib" />  
<extension point="xbmc.addon.metadata">
  <summary lang="en">Common Kodi Python helpers</summary>
  <description lang="en">Common Kodi Python helpers</description>
  <assets><icon>icon.png</icon></assets>
</extension>
</addon>
