<?xml version="1.0" encoding="UTF-8"?>
<addon id="plugin.video.vod" version="8.14" name="VOD" provider-name="Stas Blagodatny">
	<requires>
		<import addon="xbmc.python" version="3.0.0"/>
		<import addon="script.module.requests"/>
		<import addon="script.module.helpers"/>
		<import addon="script.module.vod" />
		<import addon="script.module.youtube"/>		
	</requires>
	<extension point="xbmc.python.pluginsource" library="main.py">
		<provides>video</provides>
	</extension>
	<extension point="xbmc.python.module" library="./lib" />  
	<extension point="xbmc.addon.metadata">
		<summary lang="en">VOD</summary>
		<description lang="en">VOD</description>
		<assets><icon>icon.png</icon><fanart>fanart.jpg</fanart></assets>
	</extension>
</addon>
