<?xml version="1.0" encoding="UTF-8"?>
<addon id="plugin.game.kahoot" version="1.2" name="Kahoot" provider-name="Stas Blagodatny">
	<requires>
		<import addon="xbmc.python" version="3.0.0"/>
		<import addon="script.module.requests"/>
		<import addon="script.module.helpers"/>		
	</requires>
	<extension point="xbmc.python.pluginsource" library="main.py">
		<provides>game</provides>
	</extension>
	<extension point="xbmc.python.module" library="./lib" />  
	<extension point="xbmc.addon.metadata">
		<summary lang="en">Kahoot</summary>
		<description lang="en">Kahoot</description>
		<assets><icon>icon.png</icon><fanart>fanart.jpg</fanart></assets>
	</extension>
</addon>
