<?xml version="1.0" encoding="utf-8"?>
<window>
	<defaultcontrol always="true">9000</defaultcontrol>	
	
	<controls>
		<control type="image">								
			<width>100%</width>
			<height>100%</height>											
			<texture colordiffuse="FFFFFFFF">colors/black.png</texture>
			<aspectratio aligny="center" align="center">scale</aspectratio>
			<bordersize>$PARAM[bordersize]</bordersize>
		</control>		
		<control type="image">			
			<left>1%</left>
			<width>36%</width>
			<height>80%</height>					
			<aspectratio aligny="center" align="center">keep</aspectratio>
			<texture fallback="DefaultAddon.png" background="true">$VAR[ListItemImageVar]</texture>
			<bordersize>0</bordersize>	
		</control>	
		
		
		<include content="ItemInfo">
			<param name="width" value="62%"/>		
			<param name="height" value="80%"/>	
			<param name="top" value="20"/>	
			<param name="left" value="37%"/>									
		</include>		
							
							
							
		<control type="grouplist" id="9000">
				<left>90</left>
				<top>910</top>
				<width>1740</width>
				<height>300</height>								
				<align>center</align>
				<itemgap>-18</itemgap>
				<orientation>horizontal</orientation>
				<include content="InfoDialogButton">
					<param name="id" value="12" />
					<param name="icon" value="icons/infodialogs/launch.png" />
					<param name="label" value="$LOCALIZE[518]" />
				</include>
				
				<control type="radiobutton" id="13">
					<width>262</width>
					<height>140</height>
					<align>center</align>
					<aligny>top</aligny>
					<textoffsetx>35</textoffsetx>
					<textoffsety>76</textoffsety>
					<radioposx>81</radioposx>
					<radioposy>17</radioposy>
					<radiowidth>100</radiowidth>
					<font>font12</font>
					<visible>Control.IsEnabled(13)</visible>
				</control>
				<include content="InfoDialogButton">
					<param name="id" value="10" />
					<param name="icon" value="icons/infodialogs/info.png" />
					<param name="label" value="$LOCALIZE[39024]" />
				</include>
				<include content="InfoDialogToggleButton">
					<param name="id" value="7" />
					<param name="icon_on" value="icons/infodialogs/disable.png" />
					<param name="icon_off" value="icons/infodialogs/enabled.png" />
					<param name="selected" value="!String.StartsWith(Control.GetLabel(7),$LOCALIZE[24022]) | !Window.IsActive(addonbrowser)" />
					<param name="label" value="" />
				</include>
				<include content="InfoDialogButton">
					<param name="id" value="8" />
					<param name="icon" value="icons/infodialogs/install.png" />
					<param name="label" value="$LOCALIZE[24138]" />
				</include>
				<include content="InfoDialogButton">
					<param name="id" value="14" />
					<param name="icon" value="icons/infodialogs/update.png" />
					<param name="label" value="$LOCALIZE[24069]" />
				</include>
				<include content="InfoDialogToggleButton">
					<param name="id" value="6" />
					<param name="icon_on" value="icons/infodialogs/uninstall.png" />
					<param name="icon_off" value="icons/infodialogs/install.png" />
					<param name="selected" value="ListItem.Property(addon.isinstalled) | !Window.IsActive(addonbrowser)" />
					<param name="label" value="" />
				</include>
			</control>					
		
	</controls>
</window>
