<?xml version="1.0" encoding="utf-8"?>
<window>
	<defaultcontrol always="true">50</defaultcontrol>	
	<!--onload condition="Container.Content(movies) | Container.Content(tvshows)">RunScript(skin.estuary.flex,GetAsyncInfo)</onload-->
	
	<controls>
		<control type="image">								
			<width>100%</width>
			<height>100%</height>											
			<texture colordiffuse="FFFFFFFF">colors/black.png</texture>
			<aspectratio aligny="center" align="center">scale</aspectratio>
			<bordersize>$PARAM[bordersize]</bordersize>
		</control>		
		<control type="image">			
			<left>1%</left>
			<width>36%</width>
			<height>99%</height>					
			<aspectratio aligny="center" align="center">keep</aspectratio>
			<texture fallback="DefaultAddon.png" background="true">$VAR[ListItemImageVar]</texture>
			<bordersize>0</bordersize>	
		</control>	
		
		<include content="ItemInfo">
			<param name="width" value="62%"/>		
			<param name="height" value="620"/>	
			<param name="top" value="20"/>	
			<param name="left" value="37%"/>							
			<visible>Integer.IsGreater(Container(50).NumItems,0)</visible>
		</include>
		<include content="ItemInfo">
			<param name="width" value="62%"/>		
			<param name="height" value="1040"/>	
			<param name="top" value="20"/>	
			<param name="left" value="37%"/>							
			<visible>Integer.IsEqual(Container(50).NumItems,0)</visible>
		</include>		
		<control type="panel" id="50">
			<visible>Container.Content(movies) | Container.Content(tvshows)</visible>
			<bottom>20</bottom>
			<width>63%</width>
			<left>37%</left>
			<height>420</height>				
			<orientation>horizontal</orientation>				
			<include>ItemLayoutImageFlex</include>						
		</control>						
		
	</controls>
</window>
