<?xml version="1.0" encoding="UTF-8"?>
<window>
<defaultcontrol>2000</defaultcontrol>
<onload>RunScript(skin.estuary.flex,UpdateCheck)</onload>
<controls>
<include>Background</include>
<control type="image">
<width>95</width>
<height>100%</height>
<colordiffuse>AA000000</colordiffuse>
<texture>dialogs/dialog-bg-nobo.png</texture>
<bordersize>0</bordersize>
</control>
<include>TopBar</include>
<control id="2000" type="fixedlist">
<orientation>vertical</orientation>
<width>95</width>
<top>10%</top>
<height>88%</height>
<movement>8</movement>
<focusposition>0</focusposition>
<left>0</left>
<onright>3000</onright>
<onleft>9000</onleft>
<focusedlayout height="95" width="95">
<control type="image">
<width>100%</width>
<height>100%</height>
<texture colordiffuse="button_focus">lists/focus.png</texture>
<visible>Control.HasFocus(2000)</visible>
</control>
<control type="image">
<width>100%</width>
<height>100%</height>
<aspectratio align="center" aligny="center">keep</aspectratio>
<texture colordiffuse="FFFFFFFF">$INFO[ListItem.Art(thumb)]</texture>
</control>
</focusedlayout>
<itemlayout height="95" width="95">
<control type="image">
<width>100%</width>
<height>100%</height>
<aspectratio align="center" aligny="center">keep</aspectratio>
<texture colordiffuse="44FFFFFF">$INFO[ListItem.Art(thumb)]</texture>
</control>
</itemlayout>
<content>
<item>
<label>Video</label>
<onclick>ActivateWindow(Videos,root,return)</onclick>
<thumb>special://skin/resources/icons/video.png</thumb>
<property name="id">$NUMBER[100000]</property>
</item><item>
<label>PVR TV</label>
<onclick>ActivateWindow(TVChannels)</onclick>
<thumb>special://skin/resources/icons/tv.png</thumb>
<property name="id">$NUMBER[100100]</property>
</item><item>
<label>Music</label>
<onclick>ActivateWindow(Music,root,return)</onclick>
<thumb>special://skin/resources/icons/music.png</thumb>
<property name="id">$NUMBER[100200]</property>
</item><item>
<label>Pictures</label>
<onclick>ActivateWindow(Pictures,root,return)</onclick>
<thumb>special://skin/resources/icons/image.png</thumb>
<property name="id">$NUMBER[100300]</property>
</item><item>
<label>Games</label>
<onclick>ActivateWindow(Games)</onclick>
<thumb>special://skin/resources/icons/game.png</thumb>
<property name="id">$NUMBER[100400]</property>
</item><item>
<label>Programs</label>
<onclick>ActivateWindow(Programs)</onclick>
<thumb>special://skin/resources/icons/cubes.png</thumb>
<property name="id">$NUMBER[100500]</property>
</item><item>
<label>Favorites</label>
<onclick></onclick>
<thumb>special://skin/resources/icons/star.png</thumb>
<property name="id">$NUMBER[100600]</property>
</item></content>
</control>
<control id="3000" type="group">
<top>10%</top>
<height>88%</height>
<left>115</left>
<control type="group">
<visible>String.IsEqual(Container(2000).ListItem.Property(id),100000)</visible>
<control type="grouplist">
<pagecontrol>100001</pagecontrol>
<onleft>2000</onleft>
<orientation>vertical</orientation>
<movement>2</movement>
<include content="HomeWidget">
<param name="path" value="addons://sources/video/"/>
<param name="label" value="Video Addons"/>
<param name="target" value="videos"/>
<param name="sortby" value=""/>
<param name="sortorder" value=""/>
<param name="shape" value="square"/>
<param name="infoupdate" value=""/>
<param name="id" value="100002"/>
<content></content>
</include><include content="HomeWidget">
<param name="path" value="sources://video/"/>
<param name="label" value="Video Sources"/>
<param name="target" value="videos"/>
<param name="sortby" value=""/>
<param name="sortorder" value=""/>
<param name="shape" value="square"/>
<param name="infoupdate" value=""/>
<param name="id" value="100003"/>
<content></content>
</include></control>
<control id="100001" type="scrollbar">
<right>10</right>
<width>5</width>
<top>10%</top>
<height>85%</height>
<orientation>vertical</orientation>
<visible>Skin.HasSetting(touchmode)</visible>
</control>
</control><control type="group">
<visible>String.IsEqual(Container(2000).ListItem.Property(id),100100)</visible>
<control type="grouplist">
<pagecontrol>100101</pagecontrol>
<onleft>2000</onleft>
<orientation>vertical</orientation>
<movement>2</movement>
<include content="HomeWidget">
<param name="path" value="pvr://channels/tv/*@-1"/>
<param name="label" value="TV: All channels"/>
<param name="target" value=""/>
<param name="sortby" value="lastplayed"/>
<param name="sortorder" value="descending"/>
<param name="shape" value=""/>
<param name="infoupdate" value="5000"/>
<param name="id" value="100102"/>
<content></content>
</include><include content="HomeWidget">
<param name="path" value="pvr://channels/radio/*@-1"/>
<param name="label" value="Radio: All channels"/>
<param name="target" value=""/>
<param name="sortby" value="lastplayed"/>
<param name="sortorder" value="descending"/>
<param name="shape" value=""/>
<param name="infoupdate" value="5000"/>
<param name="id" value="100103"/>
<content></content>
</include></control>
<control id="100101" type="scrollbar">
<right>10</right>
<width>5</width>
<top>10%</top>
<height>85%</height>
<orientation>vertical</orientation>
<visible>Skin.HasSetting(touchmode)</visible>
</control>
</control><control type="group">
<visible>String.IsEqual(Container(2000).ListItem.Property(id),100200)</visible>
<control type="grouplist">
<pagecontrol>100201</pagecontrol>
<onleft>2000</onleft>
<orientation>vertical</orientation>
<movement>2</movement>
<include content="HomeWidget">
<param name="path" value="addons://sources/audio/"/>
<param name="label" value="Music Addons"/>
<param name="target" value="music"/>
<param name="sortby" value=""/>
<param name="sortorder" value=""/>
<param name="shape" value="square"/>
<param name="infoupdate" value=""/>
<param name="id" value="100202"/>
<content></content>
</include><include content="HomeWidget">
<param name="path" value="sources://music/"/>
<param name="label" value="Music Sources"/>
<param name="target" value="music"/>
<param name="sortby" value=""/>
<param name="sortorder" value=""/>
<param name="shape" value="square"/>
<param name="infoupdate" value=""/>
<param name="id" value="100203"/>
<content></content>
</include></control>
<control id="100201" type="scrollbar">
<right>10</right>
<width>5</width>
<top>10%</top>
<height>85%</height>
<orientation>vertical</orientation>
<visible>Skin.HasSetting(touchmode)</visible>
</control>
</control><control type="group">
<visible>String.IsEqual(Container(2000).ListItem.Property(id),100300)</visible>
<control type="grouplist">
<pagecontrol>100301</pagecontrol>
<onleft>2000</onleft>
<orientation>vertical</orientation>
<movement>2</movement>
<include content="HomeWidget">
<param name="path" value="addons://sources/image/"/>
<param name="label" value="Pictures Addons"/>
<param name="target" value="pictures"/>
<param name="sortby" value=""/>
<param name="sortorder" value=""/>
<param name="shape" value="square"/>
<param name="infoupdate" value=""/>
<param name="id" value="100302"/>
<content></content>
</include><include content="HomeWidget">
<param name="path" value="sources://pictures/"/>
<param name="label" value="Pictures Sources"/>
<param name="target" value="pictures"/>
<param name="sortby" value=""/>
<param name="sortorder" value=""/>
<param name="shape" value="square"/>
<param name="infoupdate" value=""/>
<param name="id" value="100303"/>
<content></content>
</include></control>
<control id="100301" type="scrollbar">
<right>10</right>
<width>5</width>
<top>10%</top>
<height>85%</height>
<orientation>vertical</orientation>
<visible>Skin.HasSetting(touchmode)</visible>
</control>
</control><control type="group">
<visible>String.IsEqual(Container(2000).ListItem.Property(id),100400)</visible>
<control type="grouplist">
<pagecontrol>100401</pagecontrol>
<onleft>2000</onleft>
<orientation>vertical</orientation>
<movement>2</movement>
<include content="HomeWidget">
<param name="path" value="addons://sources/game/"/>
<param name="label" value="Games Addons"/>
<param name="target" value="games"/>
<param name="sortby" value=""/>
<param name="sortorder" value=""/>
<param name="shape" value="square"/>
<param name="infoupdate" value=""/>
<param name="id" value="100402"/>
<content></content>
</include></control>
<control id="100401" type="scrollbar">
<right>10</right>
<width>5</width>
<top>10%</top>
<height>85%</height>
<orientation>vertical</orientation>
<visible>Skin.HasSetting(touchmode)</visible>
</control>
</control><control type="group">
<visible>String.IsEqual(Container(2000).ListItem.Property(id),100500)</visible>
<control type="grouplist">
<pagecontrol>100501</pagecontrol>
<onleft>2000</onleft>
<orientation>vertical</orientation>
<movement>2</movement>
<include content="HomeWidget">
<param name="path" value="addons://sources/executable/"/>
<param name="label" value="Programs Addons"/>
<param name="target" value="programs"/>
<param name="sortby" value=""/>
<param name="sortorder" value=""/>
<param name="shape" value="square"/>
<param name="infoupdate" value=""/>
<param name="id" value="100502"/>
<content></content>
</include><include content="HomeWidget">
<param name="path" value="androidapp://sources/apps/"/>
<param name="label" value="Andoid Apps"/>
<param name="target" value="programs"/>
<param name="sortby" value=""/>
<param name="sortorder" value=""/>
<param name="shape" value="square"/>
<param name="infoupdate" value=""/>
<param name="id" value="100503"/>
<content></content>
</include></control>
<control id="100501" type="scrollbar">
<right>10</right>
<width>5</width>
<top>10%</top>
<height>85%</height>
<orientation>vertical</orientation>
<visible>Skin.HasSetting(touchmode)</visible>
</control>
</control><control type="group">
<visible>String.IsEqual(Container(2000).ListItem.Property(id),100600)</visible>
<control type="grouplist">
<pagecontrol>100601</pagecontrol>
<onleft>2000</onleft>
<orientation>vertical</orientation>
<movement>2</movement>
<include content="HomeWidget">
<param name="path" value="favourites://"/>
<param name="label" value="Favorites"/>
<param name="target" value=""/>
<param name="sortby" value=""/>
<param name="sortorder" value=""/>
<param name="shape" value="square"/>
<param name="infoupdate" value=""/>
<param name="id" value="100602"/>
<content></content>
</include></control>
<control id="100601" type="scrollbar">
<right>10</right>
<width>5</width>
<top>10%</top>
<height>85%</height>
<orientation>vertical</orientation>
<visible>Skin.HasSetting(touchmode)</visible>
</control>
</control></control>
<include content="SideMenu">
<param name="returnid" value="2000"/>
</include>
</controls>
</window>
