<?xml version="1.0" encoding="UTF-8"?>
<includes>
	<include file="Defaults.xml" />	
	<include file="Includes_Animations.xml" />
	<include file="Includes_Games.xml" />
	<include file="Includes_MediaMenu.xml" />
	<include file="Includes_Buttons.xml" />
	<include file="Includes_PVR.xml" />	
	<include file="Includes_Flex.xml" />	
	<include file="Includes_Flex_Player.xml" />	
	<include file="Includes_Flex_Layouts.xml" />		
	<include file="Includes_Flex_Info.xml" />	
	<include file="View_50_List.xml" />	
	<include file="View_53_Shift.xml" />	
	<include file="View_500_Wall.xml" />	
	<include file="Variables.xml" />
	<constant name="DepthDialog">0.50</constant>
	<constant name="DepthDialog+">0.52</constant>
	<constant name="DepthDialog-">0.48</constant>
	<constant name="DepthMax">0.54</constant>
	<constant name="DepthOSD">0.40</constant>
	<constant name="DepthOSD+">0.44</constant>
	<constant name="DepthContentPopout">0.10</constant>
	<constant name="DepthContentPanel">0.05</constant>
	<constant name="DepthBars">0.12</constant>
	<constant name="DepthBackground">-0.80</constant>
	<constant name="DepthSideBlade">0.10</constant>
	<constant name="bg_alpha">79</constant>
	<constant name="dialogbuttons_itemgap">-20</constant>
	<constant name="list_bottom">0</constant>
	<constant name="list_bottom_offset">80</constant>
	<constant name="list_top_offset">100</constant>
	<constant name="list_item_height">75</constant>
	<expression name="infodialog_active">Window.IsActive(musicinformation) | Window.IsActive(songinformation) | Window.IsActive(movieinformation) | Window.IsActive(addoninformation) | Window.IsActive(pvrguideinfo) | Window.IsActive(pvrrecordinginfo) | Window.IsActive(pictureinfo) | Window.IsVisible(script-embuary-video.xml) | Window.IsVisible(script-embuary-person.xml) | Window.IsVisible(script-embuary-image.xml)</expression>
	<expression name="sidebar_visible">ControlGroup(9000).HasFocus | Control.HasFocus(6130) | Control.HasFocus(6131)</expression>

	<include name="HiddenObject">
		<left>-3000</left>
		<top>-3000</top>
		<width>1</width>
		<height>1</height>
		<texturefocus />
		<texturenofocus />
		<label></label>
		<font></font>
	</include>

	<include name="DefaultSimpleListLayout">
		<param name="align">left</param>
		<param name="height">70</param>
		<param name="font">font13</param>
		<param name="fontcolor">grey</param>
		<definition>
			<itemlayout width="$PARAM[width]" height="$PARAM[height]">
				<control type="group">
					<visible>ListItem.Property(PVR.IsRecordingTimer) | ListItem.Property(PVR.IsRemindingTimer)</visible>
					<control type="image">
						<left>20</left>
						<width>40</width>
						<aspectratio align="left">keep</aspectratio>
						<aligny>center</aligny>
						<texture>icons/pvr/timers/recording.png</texture>
						<visible>ListItem.Property(PVR.IsRecordingTimer)</visible>
					</control>
					<control type="image">
						<left>20</left>
						<width>40</width>
						<aspectratio align="left">keep</aspectratio>
						<aligny>center</aligny>
						<texture>icons/pvr/timers/bell.png</texture>
						<visible>ListItem.Property(PVR.IsRemindingTimer)</visible>
					</control>
					<control type="label">
						<left>80</left>
						<top>0</top>
						<right>20</right>
						<bottom>0</bottom>
						<align>$PARAM[align]</align>
						<font>$PARAM[font]</font>
						<aligny>center</aligny>
						<textcolor>$PARAM[fontcolor]</textcolor>
						<label>$INFO[ListItem.Label]</label>
					</control>
				</control>
				<control type="group">
					<visible>!ListItem.Property(PVR.IsRecordingTimer) + !ListItem.Property(PVR.IsRemindingTimer)</visible>
					<control type="label">
						<left>20</left>
						<top>0</top>
						<right>20</right>
						<bottom>0</bottom>
						<align>$PARAM[align]</align>
						<font>$PARAM[font]</font>
						<aligny>center</aligny>
						<textcolor>$PARAM[fontcolor]</textcolor>
						<label>$INFO[ListItem.Label]</label>
					</control>
				</control>
			</itemlayout>
			<focusedlayout width="$PARAM[width]" height="$PARAM[height]">
				<control type="image">
					<left>0</left>
					<top>0</top>
					<right>0</right>
					<bottom>0</bottom>
					<texture colordiffuse="button_focus">lists/focus.png</texture>
					<visible>Control.HasFocus($PARAM[list_id])</visible>
				</control>
				<control type="group">
					<visible>ListItem.Property(PVR.IsRecordingTimer) | ListItem.Property(PVR.IsRemindingTimer)</visible>
					<control type="image">
						<left>20</left>
						<width>40</width>
						<aspectratio align="left">keep</aspectratio>
						<aligny>center</aligny>
						<texture>icons/pvr/timers/recording.png</texture>
						<visible>ListItem.Property(PVR.IsRecordingTimer)</visible>
					</control>
					<control type="image">
						<left>20</left>
						<width>40</width>
						<aspectratio align="left">keep</aspectratio>
						<aligny>center</aligny>
						<texture>icons/pvr/timers/bell.png</texture>
						<visible>ListItem.Property(PVR.IsRemindingTimer)</visible>
					</control>
					<control type="label">
						<left>80</left>
						<top>0</top>
						<right>20</right>
						<bottom>0</bottom>
						<align>$PARAM[align]</align>
						<font>$PARAM[font]</font>
						<aligny>center</aligny>
						<label>$INFO[ListItem.Label]</label>
						<scroll>true</scroll>
					</control>
				</control>
				<control type="group">
					<visible>!ListItem.Property(PVR.IsRecordingTimer) + !ListItem.Property(PVR.IsRemindingTimer)</visible>
					<control type="label">
						<left>20</left>
						<top>0</top>
						<right>20</right>
						<bottom>0</bottom>
						<align>$PARAM[align]</align>
						<font>$PARAM[font]</font>
						<aligny>center</aligny>
						<label>$INFO[ListItem.Label]</label>
						<scroll>true</scroll>
					</control>
				</control>
			</focusedlayout>
		</definition>
	</include>

	<include name="WeatherIconMyWeather">
		<control type="group">
			<width>268</width>
			<visible>!String.IsEmpty($PARAM[label])</visible>
			<control type="image">
				<left>50</left>
				<width>60</width>
				<height>60</height>
				<texture colordiffuse="D0FFFFFF">$PARAM[texture]</texture>
			</control>
			<control type="textbox">
				<top>68</top>
				<width>160</width>
				<height>63</height>
				<font>font27_narrow</font>
				<align>center</align>
				<aligny>center</aligny>
				<label>$INFO[$PARAM[label]]</label>
			</control>
		</control>
	</include>

	<include name="UpDownArrows">
		<param name="up_posy">134</param>
		<param name="down_posy">910</param>
		<param name="posx">936</param>
		<param name="visible">true</param>
		<definition>
			<control type="button" id="$PARAM[container_id]588">
				<left>$PARAM[posx]</left>
				<top>$PARAM[down_posy]</top>
				<width>48</width>
				<height>24</height>
				<texturefocus colordiffuse="button_focus">overlays/arrowdown.png</texturefocus>
				<texturenofocus colordiffuse="button_focus">overlays/arrowdown.png</texturenofocus>
				<animation effect="zoom" start="100,0" end="100,100" center="auto" time="200" delay="10">VisibleChange</animation>
				<animation effect="zoom" start="100,0" end="100,100" delay="500" center="auto" time="200">WindowOpen</animation>
				<animation effect="zoom" start="100,100" end="100,0" center="auto" time="200">WindowClose</animation>
				<onclick>SetFocus($PARAM[container_id])</onclick>
				<onclick>PageDown</onclick>
				<visible>Container($PARAM[container_id]).HasNext + Control.IsVisible($PARAM[container_id])</visible>
				<visible>$PARAM[visible]</visible>
			</control>
			<control type="button" id="$PARAM[container_id]589">
				<left>$PARAM[posx]</left>
				<top>$PARAM[up_posy]</top>
				<width>48</width>
				<height>24</height>
				<texturefocus colordiffuse="button_focus" flipy="true">overlays/arrowdown.png</texturefocus>
				<texturenofocus colordiffuse="button_focus" flipy="true">overlays/arrowdown.png</texturenofocus>
				<animation effect="zoom" start="100,0" end="100,100" center="auto" time="200" delay="10">VisibleChange</animation>
				<animation effect="zoom" start="100,0" end="100,100" delay="500" center="auto" time="200">WindowOpen</animation>
				<animation effect="zoom" start="100,100" end="100,0" center="auto" time="200">WindowClose</animation>
				<onclick>SetFocus($PARAM[container_id])</onclick>
				<onclick>PageUp</onclick>
				<visible>Container($PARAM[container_id]).HasPrevious + Control.IsVisible($PARAM[container_id])</visible>
				<visible>$PARAM[visible]</visible>
			</control>
		</definition>
	</include>

	<include name="DialogBackgroundCommons">
		<control type="image">
			<left>-2000</left>
			<top>-2000</top>
			<width>6000</width>
			<height>6000</height>
			<animation effect="fade" time="300">VisibleChange</animation>
			<animation effect="fade" start="0" end="100" time="300">WindowOpen</animation>
			<animation effect="fade" start="100" end="0" time="200">WindowClose</animation>
			<texture colordiffuse="80FFFFFF">colors/black.png</texture>
			<visible>$PARAM[darken_bg]</visible>
		</control>
		<control type="button">
			<left>-2000</left>
			<top>-2000</top>
			<width>6000</width>
			<height>6000</height>
			<texturefocus />
			<texturenofocus />
			<onclick>Action(close)</onclick>
		</control>
		<control type="group">
			<width>$PARAM[width]</width>
			<height>$PARAM[height]</height>
			<control type="image">
				<left>0</left>
				<top>0</top>
				<right>0</right>
				<bottom>0</bottom>
				<texture colordiffuse="dialog_tint">colors/white.png</texture>
			</control>
			<control type="image">
				<left>0</left>
				<top>0</top>
				<right>0</right>
				<height>70</height>
				<texture colordiffuse="button_focus" border="2">colors/white70.png</texture>
			</control>
			<control type="label" id="$PARAM[header_id]">
				<left>40</left>
				<top>0</top>
				<right>100</right>
				<height>70</height>
				<font>font32_title</font>
				<label>$PARAM[header_label]</label>
				<aligny>center</aligny>
				<shadowcolor>black</shadowcolor>
			</control>
			<control type="button" id="22002">
				<description>button overlay to avoid closing in dialog area</description>
				<left>0</left>
				<top>0</top>
				<right>0</right>
				<bottom>0</bottom>
				<texturefocus />
				<texturenofocus />
				<onclick>noop</onclick>
			</control>
			<control type="radiobutton">
				<right>10</right>
				<top>11</top>
				<width>48</width>
				<height>48</height>
				<radiowidth>48</radiowidth>
				<radioheight>48</radioheight>
				<texturefocus />
				<texturenofocus />
				<label></label>
				<textureradioofffocus colordiffuse="EEFFFFFF">dialogs/close.png</textureradioofffocus>
				<textureradiooffnofocus colordiffuse="EEFFFFFF">special://xbmc/media/vendor_icon.png</textureradiooffnofocus>
				<textureradioonfocus colordiffuse="EEFFFFFF">dialogs/close.png</textureradioonfocus>
				<textureradioonnofocus colordiffuse="EEFFFFFF">special://xbmc/media/vendor_icon.png</textureradioonnofocus>
				<onclick>Action(close)</onclick>
				<visible>!Skin.HasSetting(touchmode)</visible>
			</control>
			<control type="button">
				<right>10</right>
				<top>11</top>
				<width>48</width>
				<height>48</height>
				<texturefocus>dialogs/close.png</texturefocus>
				<texturenofocus>dialogs/close.png</texturenofocus>
				<onclick>Action(close)</onclick>
				<visible>Skin.HasSetting(touchmode)</visible>
			</control>
		</control>
	</include>
	
	<include name="BottomBar">
		<param name="info_visible">False</param>
		<definition>
			<control type="group">
				<animation effect="slide" end="0,112" time="300" tween="sine" easing="inout" condition="$EXP[infodialog_active]">conditional</animation>
				<depth>DepthBars</depth>
				<animation effect="fade" start="100" end="0" time="300" condition="Window.Next(visualisation) | Window.Next(screencalibration)">WindowClose</animation>
				<animation effect="fade" start="0" end="100" time="300" condition="Window.Previous(fullscreenvideo) | Window.Previous(startup) | Window.Previous(visualisation)">WindowOpen</animation>
				<bottom>0</bottom>
				<control type="image">
					<left>0</left>
					<bottom>0</bottom>
					<width>110%</width>
					<height>115</height>
					<texture flipy="true">frame/InfoBar.png</texture>
				</control>
				<control type="group">
					<visible>$PARAM[info_visible]</visible>
					<visible>!System.HasActiveModalDialog</visible>
					<visible>!Skin.HasSetting(touchmode)</visible>
					<animation effect="fade" time="400">VisibleChange</animation>
					<animation effect="fade" start="0" end="100" time="400">WindowOpen</animation>
					<animation effect="fade" start="100" end="0" time="300">WindowClose</animation>
					<control type="button">
						<bottom>20</bottom>
						<left>12</left>
						<width>36</width>
						<height>36</height>
						<animation effect="rotate" end="-90" center="auto" time="200" reversible="true" condition="Control.IsVisible(51) | Control.IsVisible(53)">Conditional</animation>
						<texturefocus colordiffuse="button_focus">frame/menu-nofo.png</texturefocus>
						<texturenofocus colordiffuse="FFCCCCCC">frame/menu-nofo.png</texturenofocus>
						<animation effect="fade" time="200">VisibleChange</animation>
						<onclick>SetFocus(9000)</onclick>
						<visible>!Control.IsVisible(6160)</visible>
					</control>
					<control type="button" id="6160">
						<bottom>20</bottom>
						<left>12</left>
						<width>36</width>
						<height>36</height>
						<texturefocus colordiffuse="button_focus">icons/menu.png</texturefocus>
						<texturenofocus colordiffuse="FFCCCCCC">icons/menu.png</texturenofocus>
						<animation effect="fade" time="200">VisibleChange</animation>
						<onclick>SetFocus(9000)</onclick>
						<visible>Window.IsActive(MyPVRGuide.xml)</visible>
					</control>
					<control type="button">
						<bottom>16</bottom>
						<left>64</left>
						<width>300</width>
						<height>44</height>
						<shadowcolor>text_shadow</shadowcolor>
						<label>$LOCALIZE[33063]</label>
						<onclick>SetFocus(9000)</onclick>
						<texturefocus />
						<texturenofocus />
					</control>
				</control>				
			</control>
		</definition>
	</include>
	<include name="BottomBarTwoListInfo">
		<control type="group">
			<animation effect="fade" start="0" end="100" time="400">WindowOpen</animation>
			<animation effect="fade" start="100" end="0" time="300">WindowClose</animation>
			<control type="grouplist">
				<orientation>horizontal</orientation>
				<align>right</align>
				<bottom>0</bottom>
				<height>65</height>
				<itemgap>10</itemgap>
				<right>24</right>
				<width>1200</width>
				<control type="label">
					<width>auto</width>
					<height>48</height>
					<aligny>center</aligny>
					<align>right</align>
					<shadowcolor>text_shadow</shadowcolor>
					<label>$INFO[Container($PARAM[right_container_id]).CurrentItem,, / ]$INFO[Container($PARAM[right_container_id]).NumItems]</label>
				</control>
				<control type="image">
					<width>54</width>
					<height>44</height>
					<aspectratio>keep</aspectratio>
					<texture colordiffuse="button_focus">frame/item-count.png</texture>
				</control>
			</control>
			<control type="grouplist">
				<orientation>horizontal</orientation>
				<bottom>0</bottom>
				<height>65</height>
				<left>24</left>
				<width>1200</width>
				<itemgap>10</itemgap>
				<control type="image">
					<width>54</width>
					<height>44</height>
					<aspectratio>keep</aspectratio>
					<texture colordiffuse="button_focus">frame/item-count.png</texture>
				</control>
				<control type="label">
					<width>auto</width>
					<height>48</height>
					<aligny>center</aligny>
					<align>right</align>
					<shadowcolor>text_shadow</shadowcolor>
					<label>$INFO[Container($PARAM[left_container_id]).CurrentItem,, / ]$INFO[Container($PARAM[left_container_id]).NumItems]</label>
				</control>
			</control>
		</control>
	</include>
	<include name="FullScreenDimensions">
		<left>0</left>
		<top>0</top>
		<width>100%</width>
		<height>100%</height>
	</include>
	
	<include name="ContentPanel">
		<param name="width">500</param>
		<param name="left">-40</param>
		<param name="right"></param>
		<param name="top">-10%</param>
		<param name="height">120%</param>
		<param name="flipx">false</param>
		<definition>
			<control type="image">
				<texture flipx="$PARAM[flipx]" colordiffuse="EDFFFFFF">lists/panel.png</texture>
				<bordertexture border="21" infill="false">overlays/shadow.png</bordertexture>
				<bordersize>20</bordersize>
				<width>$PARAM[width]</width>
				<left>$PARAM[left]</left>
				<right>$PARAM[right]</right>
				<top>$PARAM[top]</top>
				<height>$PARAM[height]</height>
			</control>
		</definition>
	</include>
	
	<include name="SettingsPanel">
		<itemlayout height="260" width="400">
			<control type="image">
				<left>-5</left>
				<width>410</width>
				<height>270</height>
				<texture>dialogs/dialog-bg-nobo.png</texture>
				<bordertexture border="21" infill="false">overlays/shadow.png</bordertexture>
				<bordersize>20</bordersize>
			</control>
			<control type="image">
				<centerleft>50%</centerleft>
				<top>30</top>
				<width>240</width>
				<height>160</height>
				<texture>$INFO[ListItem.Icon]</texture>
				<align>center</align>
				<aspectratio>scale</aspectratio>
			</control>
			<control type="label">
				<left>25</left>
				<top>190</top>
				<width>350</width>
				<height>400</height>
				<label>$INFO[ListItem.Label]</label>
				<align>center</align>
			</control>
		</itemlayout>
		<focusedlayout height="230" width="400">
			<control type="group">
				<depth>DepthContentPopout</depth>
				<animation type="Focus" reversible="false">
					<effect type="zoom" center="200,140" start="100" end="110" time="250" tween="sine" />
				</animation>
				<animation type="UnFocus" reversible="false">
					<effect type="zoom" center="200,140" start="110" end="100" time="250" tween="sine" />
				</animation>
				<control type="image">
					<left>-5</left>
					<width>410</width>
					<height>270</height>
					<texture>dialogs/dialog-bg-nobo.png</texture>
					<bordertexture border="21" infill="false">overlays/shadow.png</bordertexture>
					<bordersize>20</bordersize>
				</control>
				<control type="image">
					<left>-5</left>
					<width>410</width>
					<height>270</height>
					<texture colordiffuse="button_focus">colors/grey.png</texture>
					<bordersize>20</bordersize>
					<include>Animation_FocusTextureFade</include>
				</control>
				<control type="image">
					<centerleft>50%</centerleft>
					<top>30</top>
					<width>240</width>
					<height>160</height>
					<texture>$INFO[ListItem.Icon]</texture>
					<align>center</align>
					<aspectratio>scale</aspectratio>
				</control>
				<control type="label">
					<left>25</left>
					<top>190</top>
					<width>350</width>
					<height>400</height>
					<label>$INFO[ListItem.Label]</label>
					<align>center</align>
				</control>
			</control>
		</focusedlayout>
	</include>
</includes>
