<?xml version="1.0" encoding="UTF-8"?>
<addon id="plugin.video.tmdb" version="6.8" name="TMDB" provider-name="Stas Blagodatny">
	<requires>
		<import addon="xbmc.python" version="3.0.0"/>
		<import addon="script.module.requests"/>
		<import addon="script.module.future"/>
		<import addon="script.module.beautifulsoup4"/>
		<import addon="script.module.helpers"/>
		<import addon="script.module.tmdb"/>	
		<import addon="script.module.vod"/>	
		<import addon="script.module.subs"/>	
		<import addon="script.module.torrent"/>	
	</requires>
	<extension point="xbmc.python.pluginsource" library="main.py">
		<provides>video</provides>
	</extension>
	<extension point="xbmc.addon.metadata">
		<summary lang="en">The Movie DB</summary>
		<description lang="en">The Movie DB</description>
		<assets><icon>icon.png</icon><fanart>fanart.jpg</fanart></assets>
	</extension>
</addon>
