<?xml version="1.0" encoding="UTF-8"?>
<addon id="plugin.audio.scloud" version="1.1" name="SoundCloud" provider-name="Stas Blagodatny">
	<requires>
		<import addon="xbmc.python" version="3.0.0"/>
		<import addon="script.module.requests"/>
		<import addon="script.module.helpers"/>
	</requires>	
	<extension point="xbmc.python.pluginsource" library="main.py">
		<provides>audio</provides>
	</extension>
	<extension point="xbmc.addon.metadata">
		<summary lang="en">SoundCloud</summary>
		<description lang="en">SoundCloud</description>
		<assets><icon>icon.png</icon><fanart>fanart.jpg</fanart></assets>
	</extension>
</addon>
