<?xml version="1.0" encoding="UTF-8"?>
<addon id="plugin.image.gphotos" version="5.0" name="Google Photos" provider-name="Stas Blagodatny">
<requires>
  <import addon="xbmc.python" version="3.0.0"/>
  <import addon="script.module.requests"/>
  <import addon="script.module.beautifulsoup4"/>
  <import addon="script.module.helpers"/>
</requires>
<extension point="xbmc.python.pluginsource" library="main.py">
  <provides>image</provides>
</extension>
<extension point="xbmc.addon.metadata">
  <summary lang="en">Google Photos</summary>
  <description lang="en">Google Photos</description>
  <assets><icon>icon.png</icon><fanart>fanart.jpg</fanart></assets>
</extension>
</addon>
