<?xml version="1.0" encoding="UTF-8"?>
<addon id="plugin.program.androidapps" name="Android Apps" version="1.3" provider-name="Stas Blagodatny">
    <requires>
        <import addon="xbmc.python" version="3.0.0"/>
        <import addon="script.module.requests"/>
		<import addon="script.module.future"/>
		<import addon="script.module.beautifulsoup4"/>
		<import addon="script.module.helpers"/>
    </requires>
	 <extension point="xbmc.python.pluginsource" library="main.py">
        <provides>executable</provides>            
    </extension>
    <extension point="xbmc.addon.metadata">
        <summary lang="en_GB">Android Apps</summary>
        <description lang="en_GB">Get Android Apps from various unofficial stores</description>
		<assets><icon>icon.png</icon><fanart>fanart.jpg</fanart></assets>
    </extension>
</addon>


  
