﻿<?xml version="1.0" encoding="UTF-8" standalone="yes"?>
<addon id="script.module.torrent" version="1.1" name="Torrent Libraries" provider-name="Stas Blagodatny">
<requires>
  <import addon="xbmc.python" version="3.0.0"/> 
  <import addon="script.module.requests"/>  
  <import addon="script.module.helpers"/>
</requires>
<extension point="xbmc.python.module" library="lib" />  
<extension point="xbmc.addon.metadata">
  <summary lang="en">Torrent Libraries</summary>
  <description lang="en">Torrent Libraries</description>
  <assets><icon>icon.png</icon></assets>
</extension>
</addon>
