<?xml version="1.0" encoding="UTF-8" standalone="yes"?>
<addon id="repository.repository.kodiplus" name="Kodi Plus Repository" version="4.0" provider-name="Stas Blagodatny">
    <extension point="xbmc.addon.repository" name="Kodi Plus Repository">
        <dir>
            <info compressed="false">https://sblagodatny.github.io/repository.kodiplus/addons.xml</info>
            <checksum>https://sblagodatny.github.io/repository.kodiplus/addons.xml.md5</checksum>
            <datadir zip="true">https://sblagodatny.github.io/repository.kodiplus</datadir>
        </dir>		       
    </extension>
    <extension point="xbmc.addon.metadata">
        <summary>Kodi Plus Repository</summary>
        <description>Kodi Plus Repository</description>
        <disclaimer></disclaimer>
        <platform>all</platform>
        <assets>
            <icon>icon.png</icon>
        </assets>
    </extension>
</addon>