<?xml version="1.0" encoding="UTF-8"?>
<addon id="plugin.audio.ytubemusic" version="1.19" name="YouTube Music" provider-name="Stas Blagodatny">
	<requires>
		<import addon="xbmc.python" version="3.0.0"/>
		<import addon="script.module.requests"/>
		<import addon="script.module.future"/>
		<import addon="script.module.beautifulsoup4"/>
		<import addon="script.module.helpers"/>
		<import addon="script.module.youtube"/>
		<import addon="script.module.lyrics"/>
	</requires>	
	<extension point="xbmc.python.pluginsource" library="main.py">
		<provides>audio</provides>
	</extension>
	<extension point="xbmc.addon.metadata">
		<summary lang="en">YouTube Music</summary>
		<description lang="en">YouTube Music</description>
		<assets><icon>icon.png</icon><fanart>fanart.jpg</fanart></assets>
	</extension>
</addon>
