<?xml version="1.0" encoding="UTF-8"?>
<window type="dialog" id="1105">
	<defaultcontrol always="true">5000</defaultcontrol>
	<include>Animation_DialogPopupOpenClose</include>
	<controls>
		<control type="group">
			<centerleft>50%</centerleft>
			<width>600</width>
			<centertop>50%</centertop>
			<height>700</height>
			<include content="DialogBackgroundCommons">
				<param name="width" value="600" />
				<param name="height" value="80" />
				<param name="header_label" value="$LOCALIZE[5]" />
				<param name="header_id" value="" />
			</include>
			<control type="group">
				<left>0</left>
				<top>80</top>
				<control type="grouplist" id="5000">
					<width>600</width>
					<height>700</height>
					<itemgap>0</itemgap>
					<onup>5000</onup>
					<ondown>5000</ondown>
					<orientation>vertical</orientation>
					<control type="radiobutton" id="5001">
						<width>600</width>
						<include>DialogSettingButton</include>
						<label>Title</label>
						<onclick>Skin.ToggleSetting(musicvis_title)</onclick>
						<selected>Skin.HasSetting(musicvis_title)</selected>
					</control>	
					<control type="radiobutton" id="5002">						
						<width>600</width>
						<include>DialogSettingButton</include>
						<label>Lyrics</label>						
						<onclick>Skin.ToggleSetting(musicvis_lyrics)</onclick>
						<selected>Skin.HasSetting(musicvis_lyrics)</selected>																																													
					</control>	
					<control type="radiobutton" id="5003">
						<visible>!Visualisation.Enabled</visible>			
						<width>600</width>
						<include>DialogSettingButton</include>
						<label>Fanart animation</label>
						<onclick>Skin.ToggleSetting(musicvis_fanartanimation)</onclick>
						<selected>Skin.HasSetting(musicvis_fanartanimation)</selected>
					</control>													
					<control type="button" id="5004">
						<width>600</width>
						<include>DialogSettingButton</include>
						<label>$LOCALIZE[250]</label>
						<label2>[B]$INFO[Visualisation.Name][/B]</label2>
						<onclick>SendClick(500)</onclick>
					</control>
					<control type="button" id="5005">
						<visible>Visualisation.Enabled</visible>
						<width>600</width>
						<include>DialogSettingButton</include>
						<label>$LOCALIZE[31084]</label>
						<onclick>Addon.Default.OpenSettings(xbmc.player.musicviz)</onclick>
					</control>
					<control type="button" id="5006">
						<visible>Visualisation.Enabled + Visualisation.HasPresets</visible>
						<width>600</width>
						<include>DialogSettingButton</include>
						<label>$LOCALIZE[31068]</label>
						<onclick>ActivateWindow(visualisationpresetlist)</onclick>
					</control>					
				</control>
			</control>
		</control>
	</controls>
</window>
