<?xml version="1.0" encoding="utf-8"?>
<window>
	<defaultcontrol always="true">3000</defaultcontrol>
	<controls>
		<control type="group">		
			<centerleft>50%</centerleft>
			<top>10%</top>
			<height>85%</height>
			<width>95%</width>
			<include content="DialogBackgroundCommons">
				<param name="width" value="100%" />
				<param name="height" value="100%" />
				<param name="header_label" value="$LOCALIZE[13406]" />
				<param name="header_id" value="1" />
			</include>
			<control type="textbox" id="5">
				<left>1%</left>
				<top>10%</top>
				<width>95%</width>				
				<height>87%</height>				
				<pagecontrol>3000</pagecontrol>					
			</control>						
			<control type="scrollbar" id="3000">												
				<right>10</right>
				<width>7</width>						
				<top>11%</top>
				<bottom>3%</bottom>										
				<orientation>vertical</orientation>								
			</control>			
		</control>		
	</controls>
</window>
