<?xml version="1.0" encoding="UTF-8"?>
<window>
	<defaultcontrol always="true">450</defaultcontrol>
	<!--include>Animation_DialogPopupOpenClose</include-->
	<controls>
		<control type="group">
			<centertop>50%</centertop>
			<centerleft>50%</centerleft>
			<height>75%</height>
			<width>65%</width>
			<include content="DialogBackgroundCommons">
				<param name="width" value="100%" />
				<param name="height" value="100%" />
				<param name="header_label" value="" />
				<param name="header_id" value="411" />
			</include>
			<control type="group">				
				<width>70%</width>
				<top>75</top>													
				<bottom>5</bottom>
				<left>5</left>
				<control type="image">								
					<height>100%</height>
					<width>100%</width>				
					<colordiffuse>A0000000</colordiffuse>			
					<texture>dialogs/dialog-bg-nobo.png</texture>
				</control>			
				<control type="panel" id="450">
					<left>5</left>
					<right>15</right>
					<top>5</top>					
					<bottom>5</bottom>					
					<onleft>9001</onleft>
					<onright>61</onright>
					<pagecontrol>61</pagecontrol>
					<scrolltime>200</scrolltime>							
					<include content="ItemLayoutList">			
						<param name="height" value="100"/>
						<param name="watchedIcon" value="false"/>
						<param name="thumbIcon" value="true"/>
						<param name="label2" value="false"/>	
					</include>
				</control>			
				<control type="panel" id="451">
					<left>5</left>
					<right>15</right>
					<top>5</top>					
					<bottom>5</bottom>					
					<onleft>9001</onleft>
					<onright>61</onright>
					<pagecontrol>61</pagecontrol>
					<scrolltime>200</scrolltime>				
					<include content="ItemLayoutList">		
						<param name="height" value="100"/>
						<param name="watchedIcon" value="false"/>
						<param name="thumbIcon" value="true"/>
						<param name="label2" value="false"/>					
					</include>								
				</control>			
				<control type="scrollbar" id="61">
					<right>5</right>
					<top>5</top>
					<bottom>5</bottom>
					<width>5</width>					
					<onleft condition="Control.IsVisible(450)">450</onleft>
					<onleft condition="Control.IsVisible(451)">451</onleft>
					<onright>9001</onright>
					<orientation>vertical</orientation>
				</control>
			</control>			
			<control type="image">
				<width>28%</width>
				<height>50%</height>
				<right>1%</right>
				<top>80</top>										
				<aspectratio align="center" aligny="top">keep</aspectratio>				
				<texture>$INFO[Container(450).ListItem($INFO[Container(450).CurrentItem]).Thumb]</texture>				
			</control>
			<control type="label" id="412">				
				<visible>false</visible>
			</control>			
			<control type="grouplist" id="9001">				
				<width>28%</width>
				<right>1%</right>								
				<bottom>5</bottom>
				<height>50%</height>
				<align>right</align>
				<orientation>vertical</orientation>								
				<itemgap>dialogbuttons_itemgap</itemgap>
				<onleft>61</onleft>				
				<onright condition="Control.IsVisible(3)">3</onright>
				<onright condition="Control.IsVisible(6)">6</onright>								
				<include content="DefaultDialogButton">
					<param name="id" value="413" />
					<param name="label" value="OK" />
					<param name="width" value="100%" />
					<param name="visible" value="Control.IsEnabled(413)" />						
				</include>
				<!--include content="DefaultDialogButton">
					<param name="id" value="414" />
					<param name="label" value="Cancel" />					
					<param name="width" value="100%" />
				</include-->	
				<include content="DefaultDialogButton">
					<param name="id" value="415" />
					<param name="label" value="$LOCALIZE[119]" />
					<param name="visible" value="Control.IsEnabled(415)" />				
					<param name="width" value="100%" />
				</include>
				<include content="DefaultDialogButton">
					<param name="id" value="416" />
					<param name="label" value="$LOCALIZE[749]" />
					<param name="visible" value="Control.IsEnabled(416)" />				
					<param name="width" value="100%" />
				</include>				
			</control>
			
		</control>	
		
	</controls>
</window>
