<?xml version="1.0" encoding="UTF-8"?>
<includes>
	
	
	
	<include name="ItemInfoPlot">		
		<param name="height">100%</param>
		<definition>
		<control type="textbox" id="9050">			
			<width>100%</width>
			<height>$PARAM[height]</height>
			<align>left</align>
			<aligny>top</aligny>
			<label>$INFO[ListItem.Plot]$INFO[ListItem.AddonDescription]$INFO[ListItem.PictureComment]$INFO[ListItem.Comment]</label>
			<autoscroll time="2000" delay="3000" repeat="5000">true</autoscroll>
			<nested/>
		</control>	
		</definition>		
	</include>
	
	
	<include name="ItemInfoLabel">		
		<param name="id"></param>
		<param name="width">49%</param>
		<param name="height">33%</param>
		<param name="top">0</param>
		<param name="left">0</param>
		<param name="label">label</param>
		<param name="value">value</param>
		<definition>
		<control type="group">
			<height>$PARAM[height]</height>
			<width>$PARAM[width]</width>
			<top>$PARAM[top]</top>
			<left>$PARAM[left]</left>			
			<control type="label">										
				<width>210</width>				
				<height>100%</height>
				<aligny>center</aligny>
				<label>[COLOR button_focus]$PARAM[label][/COLOR]</label>						
			</control>			
			<control type="label" id="$PARAM[id]">														
				<height>100%</height>				
				<left>215</left>						
				<aligny>center</aligny>
				<label>$PARAM[value]</label>
				<scroll>true</scroll>							
			</control>
			<nested/>
		</control>	
		</definition>		
	</include>
	
	
	<include name="ItemInfoAddonLabels">
		<control type="group">								
			<visible>Container.Content(Addons)</visible>
			<height>30%</height>			
			<top>70%</top>
			<width>100%</width>	
			<include content="ItemInfoLabel">
				<param name="id" value="9010" />
				<param name="label" value="Version" />
				<param name="value" value="$INFO[ListItem.AddonVersion]" />
				<param name="top" value="0" />
				<param name="left" value="0" />
			</include>	
			<include content="ItemInfoLabel">
				<param name="id" value="9011" />
				<param name="label" value="Status" />
				<param name="value" value="$INFO[ListItem.Property(Addon.Status)]" />
				<param name="top" value="33%" />
				<param name="left" value="0" />
			</include>	
			<include content="ItemInfoLabel">
				<param name="id" value="9012" />
				<param name="label" value="Last Updated" />
				<param name="value" value="$INFO[ListItem.AddonLastUpdated]" />
				<param name="top" value="66%" />
				<param name="left" value="0" />
			</include>	
			<include content="ItemInfoLabel">
				<param name="id" value="9013" />
				<param name="label" value="Last Used" />
				<param name="value" value="$INFO[ListItem.AddonLastUsed]" />
				<param name="top" value="0" />
				<param name="left" value="50%" />
			</include>	
			<include content="ItemInfoLabel">
				<param name="id" value="9014" />
				<param name="label" value="Id" />
				<param name="value" value="$INFO[ListItem.Property(Addon.ID)]" />
				<param name="top" value="33%" />
				<param name="left" value="50%" />
			</include>	
			<include content="ItemInfoLabel">
				<param name="id" value="9015" />
				<param name="label" value="Author" />
				<param name="value" value="$INFO[ListItem.AddonCreator]" />
				<param name="top" value="66%" />
				<param name="left" value="50%" />
			</include>							
		</control>
	</include>		
			
	<include name="ItemInfoMovieLabels">
		<control type="group">	
			<visible>Container.Content(movies) | Container.Content(tvshows) | Container.Content(episodes)</visible>
			<height>30%</height>			
			<top>70%</top>
			<width>100%</width>												
			<include content="ItemInfoLabel">
				<param name="id" value="9010" />
				<param name="label" value="Rating" />
				<param name="value" value="$INFO[ListItem.Rating]  [COLOR green]$INFO[ListItem.UserRating][/COLOR]" />
				<param name="top" value="0" />
				<param name="left" value="0" />				
			</include>				
			<include content="ItemInfoLabel">
				<param name="id" value="9011" />
				<param name="label" value="Country" />
				<param name="value" value="$INFO[ListItem.Country]" />
				<param name="top" value="33%" />
				<param name="left" value="0" />				
			</include>	
			<include content="ItemInfoLabel">
				<param name="id" value="9012" />
				<param name="label" value="Genre" />
				<param name="value" value="$INFO[ListItem.Genre]" />
				<param name="top" value="66%" />
				<param name="left" value="0" />
			</include>				
			<include content="ItemInfoLabel">
				<param name="id" value="9013" />
				<param name="label" value="Original Title" />
				<param name="value" value="$INFO[ListItem.OriginalTitle]" />
				<param name="top" value="0" />
				<param name="left" value="50%" />
			</include>	
			<include content="ItemInfoLabel">
				<param name="id" value="9014" />
				<param name="label" value="Release Date" />
				<param name="value" value="$INFO[ListItem.Premiered]" />
				<param name="top" value="33%" />
				<param name="left" value="50%" />
			</include>	
			<include content="ItemInfoLabel">
				<param name="id" value="9015" />
				<param name="label" value="Episodes" />
				<param name="value" value="$INFO[ListItem.Property(TotalEpisodes)]  [COLOR green]$INFO[ListItem.Property(WatchedEpisodes)][/COLOR]  $INFO[ListItem.Status]" />
				<param name="top" value="66%" />
				<param name="left" value="50%" />
				<visible>String.IsEqual(ListItem.DBTYPE,tvshow) | String.IsEqual(ListItem.DBTYPE,season)</visible>								
			</include>														
		</control>
	</include>
	
	
	<include name="ItemInfo">
		<param name="width">100%</param>
		<param name="height">490</param>
		<param name="left">0</param>
		<param name="top">120</param>		
		<definition>
		<control type="group">						
			<height>$PARAM[height]</height>			
			<width>$PARAM[width]</width>
			<left>$PARAM[left]</left>
			<top>$PARAM[top]</top>			
			<control type="image">
				<width>100%</width>
				<height>100%</height>									
				<texture>dialogs/dialog-bg-nobo.png</texture>									
			</control>												
			<control type="label">													
				<top>1%</top>
				<height>12%</height>
				<left>1%</left>
				<width>98%</width>
				<align>center</align>	
				<aligny>center</aligny>											
				<font>font45</font>
				<label>[B]$INFO[ListItem.Label][/B]</label>
			</control>							
			<control type="group">			
				<height>85%</height>			
				<top>14%</top>
				<width>98%</width>
				<left>1%</left>	
				
								
				<include content="ItemInfoPlot">
					<param name="height" value="68%" />
					<visible>Container.Content(movies) | Container.Content(tvshows) | Container.Content(episodes) | Container.Content(Addons) | Container.Content(songs) | Container.Content(musicvideos)</visible>
				</include>	
				<include content="ItemInfoPlot">
					<param name="height" value="100%" />
					<visible>![Container.Content(movies) | Container.Content(tvshows) | Container.Content(episodes) | Container.Content(Addons) | Container.Content(songs) | Container.Content(musicvideos)]</visible>
				</include>	
				
				<include content="ItemInfoMovieLabels" />								
				<include content="ItemInfoAddonLabels"/>
				
				
			</control>
			<nested />	
		</control>	
		</definition>
	</include>
	
</includes>
