<?xml version="1.0" encoding="UTF-8"?>
<includes>

	<include name="ItemLayoutImageCommon">			
		<control type="label">
			<centerleft>50%</centerleft>
			<bottom>20</bottom>
			<height>25</height>
			<width>90%</width>
			<align>center</align>
			<aligny>center</aligny>	
			<font>font10</font>
			<label>[B]$INFO[ListItem.Label][/B]</label>				
		</control>				
		<control type="label">
			<centerleft>50%</centerleft>
			<top>20</top>
			<height>25</height>
			<width>90%</width>
			<align>center</align>
			<aligny>center</aligny>	
			<font>font10</font>
			<label>[B]$VAR[ListItemLabel2Var][/B]</label>										
		</control>
		<control type="image">
			<top>20</top>			
			<left>20</left>			
			<width>40</width>
			<height>40</height>
			<texture colordiffuse="FF00FF00">$VAR[WallWatchedIconVar]</texture>						
		</control>
		<!--control type="progress">
			<left>20</left>
			<top>300</top>
			<width>280</width>
			<height>1</height>
			<texturebg></texturebg>
			<midtexture colordiffuse="button_focus" border="3">progress/texturebg_alt_white.png</midtexture>
			<info>ListItem.Progress</info>
			<visible>!Integer.IsEqual(ListItem.Progress,0)</visible>
		</control-->
		<!--control type="progress">
			<left>20</left>
			<top>300</top>
			<width>280</width>
			<height>1</height>
			<texturebg></texturebg>
			<midtexture colordiffuse="button_focus" border="3">progress/texturebg_alt_white.png</midtexture>
			<info>ListItem.PercentPlayed</info>
			<visible>!Integer.IsEqual(ListItem.PercentPlayed,0)</visible>
		</control-->
	</include>
	
	<include name="ItemLayoutImage">
		<param name="width">300</param>
		<param name="height">400</param>
		<param name="condition"></param>
		<param name="bordersize">7</param>
		<param name="infoupdate"></param>
		<definition>
		<itemlayout height="$PARAM[height]" width="$PARAM[width]" condition="$PARAM[condition]" infoupdate="$PARAM[infoupdate]">							
			<control type="image">								
				<width>100%</width>
				<height>100%</height>											
				<colordiffuse>FF000000</colordiffuse>			
				<texture>dialogs/dialog-bg-nobo.png</texture>
				<bordersize>$PARAM[bordersize]</bordersize>
			</control>
			<control type="image">							
				<width>100%</width>
				<height>100%</height>
				<centerleft>50%</centerleft>
				<texture fallback="DefaultFolder.png" background="true">$VAR[ListItemImageVar]</texture>
				<aspectratio align="center" aligny="center">keep</aspectratio>
				<bordersize>$PARAM[bordersize]</bordersize>	
			</control>
			<include>ItemLayoutImageCommon</include>		
		</itemlayout>
		<focusedlayout height="$PARAM[height]" width="$PARAM[width]" condition="$PARAM[condition]" infoupdate="$PARAM[infoupdate]">					
			<control type="image">								
				<width>100%</width>
				<height>100%</height>											
				<colordiffuse>FF000000</colordiffuse>			
				<texture>dialogs/dialog-bg-nobo.png</texture>
				<bordertexture border="$PARAM[bordersize]" infill="true" colordiffuse="button_focus">buttons/thumbnail_focused.png</bordertexture>
				<bordersize>$PARAM[bordersize]</bordersize>
			</control>
			<control type="image">								
				<width>100%</width>
				<height>100%</height>
				<centerleft>50%</centerleft>				
				<texture fallback="DefaultFolder.png" background="true">$VAR[ListItemImageVar]</texture>
				<aspectratio align="center" aligny="center">keep</aspectratio>								
				<bordersize>$PARAM[bordersize]</bordersize>
				<!--visible>!ListItem.IsParentFolder</visible-->
			</control>			
			<include>ItemLayoutImageCommon</include>				
		</focusedlayout>		
		</definition>
	</include>
	
	
	<include name="ItemLayoutImageFlex">						
		<param name="shapeLabelId">0</param>
		<param name="infoupdate"></param>
		<definition>
		<include content="ItemLayoutImage">			
			<param name="height" value="260"/>
			<param name="width" value="460"/>
			<param name="infoupdate" value="$PARAM[infoupdate]"/>			
			<param name="condition" value="String.IsEqual(Control.GetLabel($PARAM[shapeLabelId]),landscape) | [String.IsEmpty(Control.GetLabel($PARAM[shapeLabelId])) + [Container.Content(images) | Container.Content(episodes) | Container.Content(videos) | Container.Content(musicvideos)]]"/>						
		</include>		
		<include content="ItemLayoutImage">			
			<param name="height" value="420"/>
			<param name="width" value="300"/>
			<param name="infoupdate" value="$PARAM[infoupdate]"/>
			<param name="condition" value="String.IsEqual(Control.GetLabel($PARAM[shapeLabelId]),poster) | [String.IsEmpty(Control.GetLabel($PARAM[shapeLabelId])) + [Container.Content(movies) | Container.Content(tvshows) | Container.Content(seasons)]]"/>						
		</include>	
		<include content="ItemLayoutImage">						
			<param name="height" value="380"/>
			<param name="width" value="300"/>					
			<param name="infoupdate" value="$PARAM[infoupdate]"/>
		</include>
		</definition>
	</include>				
	
	
	<include name="ItemLayoutListLabelLeft">
		<param name="left">70</param>
		<param name="right">70</param>
		<param name="scroll">false</param>
		<definition>
			<control type="label">
				<left>$PARAM[left]</left>
				<right>$PARAM[right]</right>
				<height>100%</height>						
				<aligny>center</aligny>
				<scroll>$PARAM[scroll]</scroll>
				<!--font>font27</font-->
				<label>$VAR[ListLabelVar]</label>
				<shadowcolor>text_shadow</shadowcolor>	
				<nested/>
			</control>
		</definition>
	</include>

	
	<include name="ItemLayoutList">
		<param name="height">75</param>
		<param name="thumbIcon">false</param> 
		<param name="watchedIcon">true</param>
		<param name="label2">true</param>
		<definition>		
				<focusedlayout height="$PARAM[height]">					
					<control type="image">						
						<texture colordiffuse="button_focus">lists/focus.png</texture>												
					</control>
					<control type="image">	
						<visible>$PARAM[watchedIcon]</visible>						
						<left>2</left>
						<width>35</width>
						<height>100%</height>
						<texture>$VAR[ListWatchedIconVar]</texture>
						<aspectratio align="center" aligny="center">keep</aspectratio>
					</control>
					<control type="image">	
						<visible>$PARAM[thumbIcon]</visible>										
						<height>100%</height>
						<width>86</width>
						<left>2</left>
						<texture>$VAR[InfoWallThumbVar]</texture>
						<aspectratio align="center" aligny="center">keep</aspectratio>
					</control>				
					<include content="ItemLayoutListLabelLeft" condition="$PARAM[watchedIcon] + $PARAM[label2]">						
						<param name="left" value="45"/>
						<param name="right" value="100"/>
						<param name="scroll" value="true"/>
					</include>
					<include content="ItemLayoutListLabelLeft" condition="$PARAM[watchedIcon] + !$PARAM[label2]">						
						<param name="left" value="45"/>
						<param name="right" value="5"/>
						<param name="scroll" value="true"/>
					</include>
					<include content="ItemLayoutListLabelLeft" condition="$PARAM[thumbIcon] + $PARAM[label2]">						
						<param name="left" value="100"/>
						<param name="right" value="100"/>
						<param name="scroll" value="true"/>
					</include>
					<include content="ItemLayoutListLabelLeft" condition="$PARAM[thumbIcon] + !$PARAM[label2]">						
						<param name="left" value="100"/>
						<param name="right" value="5"/>
						<param name="scroll" value="true"/>
					</include>
					<include content="ItemLayoutListLabelLeft"  condition="!$PARAM[thumbIcon] + !$PARAM[watchedIcon] + $PARAM[label2]">						
						<param name="left" value="15"/>
						<param name="right" value="100"/>
						<param name="scroll" value="true"/>
					</include>
					<include content="ItemLayoutListLabelLeft"  condition="!$PARAM[thumbIcon] + !$PARAM[watchedIcon] + !$PARAM[label2]">						
						<param name="left" value="15"/>
						<param name="right" value="5"/>
						<param name="scroll" value="true"/>
					</include>				
					<control type="label">
						<visible>$PARAM[label2]</visible>
						<height>100%</height>
						<left>105</left>
						<right>5</right>
						<align>right</align>
						<aligny>center</aligny>
						<font>font12</font>
						<label>$VAR[ListLabel2Var]</label>
						<shadowcolor>text_shadow</shadowcolor>						
					</control>									
				</focusedlayout>
				<itemlayout height="$PARAM[height]">					
					<control type="image">	
						<visible>$PARAM[watchedIcon]</visible>						
						<left>2</left>
						<width>35</width>
						<height>100%</height>
						<texture>$VAR[ListWatchedIconVar]</texture>
						<aspectratio align="center" aligny="center">keep</aspectratio>
					</control>
					<control type="image">	
						<visible>$PARAM[thumbIcon]</visible>										
						<height>100%</height>
						<width>86</width>
						<left>2</left>
						<texture>$VAR[InfoWallThumbVar]</texture>
						<aspectratio align="center" aligny="center">keep</aspectratio>
					</control>				
					<include content="ItemLayoutListLabelLeft" condition="$PARAM[watchedIcon] + $PARAM[label2]">						
						<param name="left" value="45"/>
						<param name="right" value="100"/>
					</include>
					<include content="ItemLayoutListLabelLeft" condition="$PARAM[watchedIcon] + !$PARAM[label2]">						
						<param name="left" value="45"/>
						<param name="right" value="5"/>
					</include>
					<include content="ItemLayoutListLabelLeft" condition="$PARAM[thumbIcon] + $PARAM[label2]">						
						<param name="left" value="100"/>
						<param name="right" value="100"/>
					</include>
					<include content="ItemLayoutListLabelLeft" condition="$PARAM[thumbIcon] + !$PARAM[label2]">						
						<param name="left" value="100"/>
						<param name="right" value="5"/>
					</include>
					<include content="ItemLayoutListLabelLeft"  condition="!$PARAM[thumbIcon] + !$PARAM[watchedIcon] + $PARAM[label2]">						
						<param name="left" value="15"/>
						<param name="right" value="100"/>
					</include>
					<include content="ItemLayoutListLabelLeft"  condition="!$PARAM[thumbIcon] + !$PARAM[watchedIcon] + !$PARAM[label2]">						
						<param name="left" value="15"/>
						<param name="right" value="5"/>
					</include>				
					<control type="label">
						<visible>$PARAM[label2]</visible>
						<height>100%</height>
						<left>105</left>
						<right>5</right>
						<align>right</align>
						<aligny>center</aligny>
						<font>font12</font>
						<label>$VAR[ListLabel2Var]</label>
						<shadowcolor>text_shadow</shadowcolor>						
					</control>
				</itemlayout>
		</definition>	
	</include>
	

	
</includes>
