<?xml version="1.0" encoding="UTF-8"?>
<includes>	
	
	<include name="PlayerMiniButtons">
				<include content="FlexButton">
					<param name="id" value="601" />					
					<param name="textureon" value="special://skin/resources/icons/player-play.png" />
					<param name="textureoff" value="special://skin/resources/icons/player-pause.png" />					
					<onclick>PlayerControl(Play)</onclick>
					<selected>Player.Paused</selected>						
				</include>					
				<include content="FlexButton">
					<param name="id" value="603" />					
					<param name="texture" value="special://skin/resources/icons/player-stop.png" />
					<onclick condition="Control.IsVisible(9000)">Action(Up)</onclick>
					<onclick condition="Control.IsVisible(9000)">Action(Right)</onclick>
					<onclick>PlayerControl(Stop)</onclick>
					<onclick>PlayerControl(RandomOff)</onclick>														
				</include>					
				<include content="FlexButton">
					<param name="id" value="604" />					
					<param name="texture" value="special://skin/resources/icons/player-backward-step.png" />					
					<onclick>Playlist.PlayOffset(-1)</onclick>					
					<visible>[Integer.IsGreater(MusicPlayer.PlaylistLength,1) | Integer.IsGreater(VideoPlayer.PlaylistLength,1)] + !String.IsEqual(Playlist.Position,1)</visible>
				</include>
				<include content="FlexButton">
					<param name="id" value="605" />					
					<param name="texture" value="special://skin/resources/icons/player-forward-step.png" />
					<onclick>Playlist.PlayOffset(1)</onclick>									
					<visible>[Integer.IsGreater(MusicPlayer.PlaylistLength,1) | Integer.IsGreater(VideoPlayer.PlaylistLength,1)] + !String.IsEqual(Playlist.Position,Playlist.Length)</visible>
				</include>	
				<include content="FlexButton">
					<param name="id" value="606" />					
					<param name="texture" value="special://skin/resources/icons/playlist.png" />
					<onclick>Dialog.Close(all, true)</onclick>
					<onclick condition="Integer.IsGreater(VideoPlayer.PlaylistLength,1)">ActivateWindow(videoplaylist)</onclick>
					<onclick condition="Integer.IsGreater(MusicPlayer.PlaylistLength,1)">ActivateWindow(musicplaylist)</onclick>
					<visible>Integer.IsGreater(MusicPlayer.PlaylistLength,1) | Integer.IsGreater(VideoPlayer.PlaylistLength,1)</visible>
				</include>		
				<include content="FlexButton">
					<param name="id" value="607" />					
					<param name="textureon" value="special://skin/resources/icons/shuffle.png" />
					<param name="textureoff" value="special://skin/resources/icons/shuffle-off.png" />										
					<onclick>PlayerControl(Random)</onclick>
					<onclick>RunScript(skin.estuary.flex,SetPlaylistPosition,1)</onclick>
					<selected>Playlist.IsRandom</selected>	
					<visible>Integer.IsGreater(MusicPlayer.PlaylistLength,1) | Integer.IsGreater(VideoPlayer.PlaylistLength,1)</visible>					
				</include>	
				
	</include>
	
	<include name="PlayerMini">        
		<definition>																
			<control type="grouplist" id="9100">
				<orientation>horizontal</orientation>
				<align>center</align>
				<aligny>bottom</aligny>
				<width>100%</width>
				<height>60</height>																				
				<include>PlayerMiniButtons</include>
				<include content="FlexButton">
					<param name="id" value="610" />					
					<param name="texture" value="special://skin/resources/icons/frame.png" />
					<onclick>Action(Right)</onclick>	
					<onclick>Fullscreen</onclick>											
				</include>												
				<nested/>
			</control>																
		</definition>
	</include>
	
	
	<include name="PlayerStandard">
	<onload>Control.SetFocus(601)</onload>					
	<defaultcontrol always="true">601</defaultcontrol>
	<controls>
		
		<!-- Clock -->
		<include>Clock</include>
		
		<!-- Info -->
		<control type="group">
			<visible>Player.ShowInfo + Player.HasVideo</visible>						
			<top>0</top>
			<height>250</height>
			<width>100%</width>
			<control type="image">
				<left>0</left>
				<width>100%</width>
				<height>100%</height>
				<texture>dialogs/dialog-bg-nobo.png</texture>
			</control>
			<control type="image">
				<left>1%</left>								
				<width>20%</width>
				<height>100%</height>
				<aspectratio align="left" aligny="center">keep</aspectratio>
				<texture fallback="DefaultVideo.png" background="true">$VAR[NowPlayingPosterVar]</texture>				
			</control>							
			<control type="textbox">
				<left>22%</left>
				<top>10</top>
				<height>100%</height>
				<width>77%</width>				
				<label>$INFO[VideoPlayer.Plot]</label>
				<align>left</align>
				<aligny>top</aligny>				
			</control>							
		</control>
		
		
		<!-- Player controls panel -->
		<control type="group">
			<include>Animation_BottomSlide</include>
			<bottom>0</bottom>
			<height>180</height>
										
			<control type="image">			
				<bottom>0</bottom>
				<height>205</height>
				<width>100%</width>				
				<colordiffuse>A0000000</colordiffuse>			
				<texture>dialogs/dialog-bg-nobo.png</texture>
			</control>			
			
			<!-- Title label -->								
			<control type="label">				
				<align>left</align>
				<left>15</left>				
				<bottom>198</bottom>			
				<font>font45_title</font>					
				<height>auto</height>
				<width>1770</width>									
				<label>$VAR[NowPlayingTitleVar]</label>								
			</control>			
			
			<!-- Buttons -->
			<control type="group" id="200">
				
				<!-- Left side -->
				<control type="grouplist" id="201">
					<left>20</left>					
					<top>105</top>					
					<width>100%</width>
					<height>135</height>
					<itemgap>10</itemgap>
					<scrolltime tween="sine">200</scrolltime>
					<orientation>horizontal</orientation>					
					<onup condition="Player.SeekEnabled + !Skin.HasSetting(touchmode)">8200</onup>
					<onup condition="Player.SeekEnabled + !Skin.HasSetting(touchmode)">RunScript(skin.estuary.flex,SeekBarInit,$INFO[Control.GetLabel(8200)])</onup>
					<ondown>noop</ondown>
					<onleft>70049</onleft>
					<onright>70046</onright>															
								
					<include>PlayerMiniButtons</include>					
					<include content="FlexButton">
						<param name="id" value="608" />					
						<param name="texture" value="special://skin/resources/icons/list.png" />
						<onclick>Dialog.Close(VideoOSD)</onclick>
						<onclick>ActivateWindow(PVROSDChannels)</onclick>
						<visible>VideoPlayer.Content(LiveTV)</visible>
					</include>
					<include content="FlexButton">
						<param name="id" value="609" />					
						<param name="texture" value="special://skin/resources/icons/info.png" />
						<visible>Player.HasVideo</visible>
						<onclick condition="VideoPlayer.Content(livetv) + VideoPlayer.HasEPG">Dialog.Close(VideoOSD)</onclick>
						<onclick condition="VideoPlayer.Content(livetv) + VideoPlayer.HasEPG">ActivateWindow(pvrchannelguide)</onclick>
						<onclick condition="!VideoPlayer.Content(livetv)">Info</onclick>	
					</include>																												
				</control>
				
				<!-- Right side -->
				<control type="grouplist" id="202">
					<right>20</right>					
					<top>105</top>					
					<width>1800</width>
					<height>135</height>
					<align>right</align>
					<itemgap>10</itemgap>
					<scrolltime tween="sine">200</scrolltime>
					<orientation>horizontal</orientation>					
					<onup condition="Player.SeekEnabled + !Skin.HasSetting(touchmode)">8200</onup>
					<onup condition="Player.SeekEnabled + !Skin.HasSetting(touchmode)">RunScript(skin.estuary.flex,SeekBarInit,$INFO[Control.GetLabel(8200)])</onup>					
					<onleft>609</onleft>									
					<onright>601</onright>															
					<include content="FlexButton">
						<param name="id" value="70046" />					
						<param name="texture" value="special://skin/resources/icons/comment.png" />
						<visible>Player.HasVideo</visible>
						<onclick>ActivateWindow(osdsubtitlesettings)</onclick>																
					</include>
					<include content="FlexButton">
						<param name="id" value="70047" />					
						<param name="texture" value="special://skin/resources/icons/volume.png" />
						<onclick>ActivateWindow(osdaudiosettings)</onclick>				
					</include>
					<include content="FlexButton">
						<param name="id" value="70048" />					
						<param name="texture" value="special://skin/resources/icons/display.png" />
						<onclick condition="!Player.HasVideo">ActivateWindow(1105)</onclick>
						<onclick condition="Player.HasVideo">ActivateWindow(osdvideosettings)</onclick>							
					</include>	
					<!--include content="FlexButton">
						<param name="id" value="70049" />					
						<param name="texture" value="special://skin/resources/icons/sysinfo.png" />
						<onclick>ActivateWindow(playerprocessinfo)</onclick>						
					</include-->						
				</control>
			</control>
			
			<!-- Progress label -->					
			<control type="label">
				<align>center</align>
				<bottom>75</bottom>			
				<font>font37</font>					
				<height>auto</height>
				<width>100%</width>					
				<label>$VAR[ProgressLabelVar]</label>
			</control>								
			
			
			<!-- Progress sliders -->
			<control type="group">
				<top>60</top>												
				<control type="progress">
					<left>0</left>
					<top>12</top>
					<width>100%</width>
					<height>10</height>
					<info>Player.Progress</info>
					<texturebg border="3" colordiffuse="60FFFFFF">colors/white50.png</texturebg>
					<midtexture colordiffuse="button_focus">colors/white.png</midtexture>
					<visible>!VideoPlayer.Content(LiveTV)</visible>
				</control>
				<control type="progress">
					<left>0</left>
					<top>12</top>
					<width>100%</width>
					<height>10</height>
					<info>PVR.EpgEventProgress</info>
					<texturebg border="3" colordiffuse="60FFFFFF">colors/white50.png</texturebg>
					<midtexture colordiffuse="button_focus">colors/white.png</midtexture>
					<visible>VideoPlayer.Content(LiveTV)</visible>
				</control>								
				<control type="slider" id="8200"> 					
					<left>0</left>
					<top>6</top>
					<width>100%</width>
					<height>20</height>					
					<texturesliderbar colordiffuse="00FFFFFF">osd/progress/nub_bar.png</texturesliderbar>										
					<textureslidernib colordiffuse="00FFFFFF">osd/progress/nub_bar.png</textureslidernib>
					<textureslidernibfocus colordiffuse="button_focus">osd/progress/nub_bar.png</textureslidernibfocus>					
					<ondown>201</ondown>																									
					<onup condition="Player.SeekEnabled + !Skin.HasSetting(touchmode)">RunScript(skin.estuary.flex,SeekBarApply,$INFO[Control.GetLabel(8200)])</onup>																			
					<visible>!VideoPlayer.Content(LiveTV)</visible>
				</control>				
				<control type="slider"> 
					<left>0</left>
					<top>6</top>
					<width>100%</width>
					<height>20</height>					
					<texturesliderbar colordiffuse="00FFFFFF">osd/progress/nub_bar.png</texturesliderbar>										
					<textureslidernib colordiffuse="00FFFFFF">osd/progress/nub_bar.png</textureslidernib>
					<textureslidernibfocus colordiffuse="button_focus">osd/progress/nub_bar.png</textureslidernibfocus>					
					<ondown>201</ondown>										
					<info>Player.SeekBar</info>
					<action>seek</action>
					<visible>Player.SeekEnabled + Skin.HasSetting(touchmode)</visible>					
				</control>																	
			</control>
			
		</control>
	</controls>
		
		
		
	</include>	
</includes>
