<?xml version="1.0" encoding="utf-8"?>
<window>
	
	<onload>RunScript(skin.estuary.flex,VisJob)</onload>

	
	<controls>
	
				
		<!-- visualization -->
		<control type="group">		
			<visible>Visualisation.Enabled + Player.Playing</visible>			
			<control type="visualisation" id="9000">				
				<width>100%</width>
				<height>100%</height>			
			</control>				
			<control type="label">				
				<top>10</top>		
				<centerleft>50%</centerleft>
				<align>center</align>
				<label>$INFO[Visualisation.Preset]</label>
				<font>font27</font>
			</control>
		</control>
		
		<!-- Fanart animation -->	
		<control type="image">
			<visible>!Visualisation.Enabled + Skin.HasSetting(musicvis_fanartanimation)</visible>			
			<width>100%</width>
			<height>100%</height>			
			<animation effect="zoom" start="105" end="130" center="auto" time="10000" tween="sine" easing="inout" pulse="true" condition="true">Conditional</animation>
			<animation effect="slide" start="-30,-30" end="30,30" time="6000" tween="sine" easing="inout" pulse="true" condition="true">Conditional</animation>			
			<aspectratio align="center" aligny="center">keep</aspectratio>			
			<texture background="true">$VAR[MusicVisualisationTextureVar]</texture>
		</control>
			
		<!-- Title -->	
		<control type="group">		
			<visible>Skin.HasSetting(musicvis_title)</visible>						
			<width>80%</width>
			<centerleft>50%</centerleft>
			<height>8%</height>		
			<top>11%</top>			
			<control type="image">			
				<height>100%</height>
				<width>100%</width>				
				<colordiffuse>A0000000</colordiffuse>			
				<texture>dialogs/dialog-bg-nobo.png</texture>
			</control>					
			<control type="label">			
				<width>100%</width>
				<height>100%</height>
				<align>center</align>						
				<label>$VAR[NowPlayingTitleVar]</label>
				<font>font60</font>
			</control>
		</control>		

		<control type="group">
			<width>80%</width>
			<centerleft>50%</centerleft>
			<height>55%</height>
			<top>21%</top>
			<visible>Skin.HasSetting(musicvis_lyrics) + String.IsEqual(Window.Property(lyricsType),unsynced)</visible>			
			<control type="image">			
				<height>100%</height>
				<width>100%</width>				
				<colordiffuse>A0000000</colordiffuse>			
				<texture>dialogs/dialog-bg-nobo.png</texture>
			</control>				
			<control type="textbox" id="5001">
				<left>1%</left>
				<top>1%</top>
				<width>97%</width>				
				<height>98%</height>								
				<align>center</align>		
				<font>font45</font>			
				<!--label>$INFO[Window.Property(lyricsAsync)]</label-->
				<pagecontrol>3000</pagecontrol>				
			</control>						
			<control type="scrollbar" id="3000">												
				<right>0</right>
				<width>5</width>						
				<top>1%</top>
				<height>98%</height>				
				<orientation>vertical</orientation>						
			</control>						
		</control>


		<control type="group">
			<width>80%</width>
			<centerleft>50%</centerleft>
			<height>15%</height>
			<top>51%</top>
			<visible>Skin.HasSetting(musicvis_lyrics) + String.IsEqual(Window.Property(lyricsType),synced)</visible>			
			<control type="image">			
				<height>100%</height>
				<width>100%</width>				
				<colordiffuse>A0000000</colordiffuse>			
				<texture>dialogs/dialog-bg-nobo.png</texture>
			</control>				
			<control type="textbox" id="5002">
				<left>1%</left>
				<top>1%</top>
				<width>97%</width>				
				<height>98%</height>								
				<align>center</align>	
				<aligny>center</aligny>				
				<font>font45</font>										
			</control>		
			<control type="label">
				<right>1</right>
				<top>0</top>												
				<align>right</align>
				<label>$INFO[Window.Property(lyricsSyncOffset)]</label>
				<visible>!String.IsEqual(Window.Property(lyricsSyncOffset),0.0)</visible>
				<font>font27</font>
			</control>	
		</control>
		


		<!-- Progress bar -->
		<control type="progress" id="499">
			<visible>[[Player.Seeking | Player.DisplayAfterSeek] + ![Window.IsActive(videoosd) | Window.IsActive(musicosd)]]</visible>
			<width>100%</width>
			<height>10</height>
			<centerleft>50%</centerleft>
			<centerbottom>166</centerbottom>
			<info>Player.SeekBar</info>
			<texturebg border="3" colordiffuse="60FFFFFF">colors/white50.png</texturebg>
			<midtexture colordiffuse="button_focus">colors/white.png</midtexture>			
		</control>	
		
		
	</controls>

</window>
