<?xml version="1.0" encoding="utf-8"?>
<window>	
	<defaultcontrol></defaultcontrol>
	<controls>	
		
		<control type="group" id="0">
			<control type="label" id="10">
				<left>45</left>
				<top>15</top>
				<width>1770</width>
				<height>100</height>
				<label></label>
				<font>font12</font>
				<shadowcolor>black</shadowcolor>
			</control>
			<control type="label" id="11">
				<left>45</left>
				<top>45</top>
				<width>1770</width>
				<height>100</height>
				<label></label>
				<font>font12</font>
				<shadowcolor>black</shadowcolor>
			</control>
			<control type="label" id="12">
				<left>45</left>
				<top>75</top>
				<width>1770</width>
				<height>100</height>
				<label></label>
				<font>font12</font>
				<shadowcolor>black</shadowcolor>
			</control>
		</control>
		
		
		
		
		<control type="progress" id="499">
			<width>100%</width>
			<height>10</height>
			<centerleft>50%</centerleft>
			<centerbottom>166</centerbottom>
			<info>Player.SeekBar</info>
			<visible>[[Player.Seeking | Player.DisplayAfterSeek] + ![Window.IsActive(videoosd) | Window.IsActive(musicosd)]]</visible>
			<texturebg border="3" colordiffuse="60FFFFFF">colors/white50.png</texturebg>
			<midtexture colordiffuse="button_focus">colors/white.png</midtexture>			
		</control>		
	</controls>
</window>
