<?xml version="1.0" encoding="UTF-8"?>
<includes>
	<include name="View_50_List">		
			
			
			
			
		
			
		
		<control type="group">
			<visible>String.IsEqual(Container.Viewmode,List) + !Container(50).IsUpdating</visible>	
			
			<control type="scrollbar" id="50601">												
				<left>60.5%</left>
				<width>5</width>						
				<top>11%</top>					
				<height>83%</height>										
				<onleft>50</onleft>				
				<orientation>vertical</orientation>	
			</control>

			<control type="image">																
				<left>2%</left>
				<width>59%</width>				
				<top>11%</top>					
				<height>85%</height>											
				<colordiffuse>AA000000</colordiffuse>			
				<texture>dialogs/dialog-bg-nobo.png</texture>
				<bordersize>0</bordersize>				
			</control>
			
			<control type="image">
				<top>11%</top>				
				<right>2%</right>										
				<width>35%</width>
				<height>50%</height>				
				<aspectratio align="center" aligny="center">keep</aspectratio>					
				<texture background="true">$VAR[ListItemImageVar]</texture>								
			</control>
			
			<control type="group">			
				<top>66%</top>				
				<right>2%</right>										
				<width>35%</width>
				<height>30%</height>			
				<visible>!String.IsEmpty(ListItem.Plot) | !String.IsEmpty(ListItem.AddonDescription) | !String.IsEmpty(ListItem.PictureComment) | !String.IsEmpty(ListItem.Comment)</visible>
				<control type="image">																					
					<width>100%</width>												
					<height>100%</height>											
					<colordiffuse>AA000000</colordiffuse>			
					<texture>dialogs/dialog-bg-nobo.png</texture>
					<bordersize>0</bordersize>				
				</control>
				<control type="textbox" id="15590">				
					<left>1%</left>
					<width>98%</width>
					<top>1%</top>
					<height>98%</height>
					<aligny>top</aligny>		
					<autoscroll time="3000" delay="7000" repeat="5000">True</autoscroll>				
					<label>$INFO[ListItem.Plot]$INFO[ListItem.AddonDescription]$INFO[ListItem.PictureComment]$INFO[ListItem.Comment]</label> 
				</control>
			</control>
			
		</control>				
		
		<control type="fixedlist" id="50">							
			<left>3%</left>
			<width>57%</width>				
			<top>12%</top>					
			<height>82%</height>									
			<movement>10</movement>				
			<scrolltime tween="cubic" easing="out">500</scrolltime>
			<orientation>vertical</orientation>
			<pagecontrol>50601</pagecontrol>
			<onleft>9000</onleft>
			<onright>50601</onright>			
			<viewtype label="List">list</viewtype>								
			<include>ItemLayoutList</include>	
		</control>		
							
			
	</include>

</includes>
