<?xml version="1.0" encoding="UTF-8"?>
<window type="dialog" id="1106">
	<defaultcontrol always="true">5000</defaultcontrol>
	<onload>SetProperty(lyricsType,unsynced)</onload>
	<onload>SetProperty(lyricsOffset,0.0)</onload>
	<onload>SetProperty(lyricsLine,0)</onload>	
	<onload>RunScript(skin.estuary.flex,MusicVisLyrics)</onload>
	
	<controls>
							
		<control type="group">
			<width>80%</width>
			<centerleft>50%</centerleft>
			<height>55%</height>
			<top>21%</top>
			<visible>!String.IsEmpty(MusicPlayer.Lyrics) + String.IsEqual(Window.Property(lyricsType),unsynced)</visible>			
			<control type="image">			
				<height>100%</height>
				<width>100%</width>				
				<colordiffuse>A0000000</colordiffuse>			
				<texture>dialogs/dialog-bg-nobo.png</texture>
			</control>				
			<control type="textbox" id="5001">
				<left>1%</left>
				<top>1%</top>
				<width>97%</width>				
				<height>98%</height>				
				<!--label>$INFO[MusicPlayer.Lyrics]</label-->
				<align>center</align>		
				<font>font45</font>				
				<pagecontrol>3000</pagecontrol>				
			</control>						
			<control type="scrollbar" id="3000">												
				<right>0</right>
				<width>5</width>						
				<top>1%</top>
				<height>98%</height>				
				<orientation>vertical</orientation>						
			</control>						
		</control>
		
		<control type="group">
			<width>80%</width>
			<centerleft>50%</centerleft>
			<height>14%</height>
			<top>62%</top>
			<visible>!String.IsEmpty(MusicPlayer.Lyrics) + String.IsEqual(Window.Property(lyricsType),synced)</visible>			
			<control type="image">			
				<height>100%</height>
				<width>100%</width>				
				<colordiffuse>A0000000</colordiffuse>			
				<texture>dialogs/dialog-bg-nobo.png</texture>
			</control>				
			<control type="label" id="5002">
				<left>1%</left>
				<top>6%</top>			
				<width>97%</width>				
				<height>88%</height>											
				<align>center</align>
				<aligny>top</aligny>
				<font>font45</font>
			</control>		
			<control type="label">
				<right>1</right>
				<top>0</top>												
				<align>right</align>
				<label>$INFO[Window.Property(lyricsOffset)]</label>
				<visible>!String.IsEqual(Window.Property(lyricsOffset),0.0)</visible>
				<font>font27</font>
			</control>		
		</control>
		
		
		
		<control type="button" id="5000">
			<onclick>ActivateWindow(musicosd)</onclick>
			<!--onup condition="String.IsEqual(Window.Property(lyricsType),unsynced)">pageup(3000)</onup>
			<ondown condition="String.IsEqual(Window.Property(lyricsType),unsynced)">pagedown(3000)</ondown-->		
			
			<onup condition="String.IsEqual(Window.Property(lyricsType),unsynced)">RunScript(skin.estuary.flex,MusicVisLyricsScroll,-1)</onup>
			<ondown condition="String.IsEqual(Window.Property(lyricsType),unsynced)">RunScript(skin.estuary.flex,MusicVisLyricsScroll,+1)</ondown>		
			
			<onup condition="String.IsEqual(Window.Property(lyricsType),synced)">RunScript(skin.estuary.flex,MusicVisLyricsOffset,-0.5)</onup>
			<ondown condition="String.IsEqual(Window.Property(lyricsType),synced)">RunScript(skin.estuary.flex,MusicVisLyricsOffset,+0.5)</ondown>			
			<onleft condition="String.IsEqual(Window.Property(lyricsType),unsynced)">SetProperty(lyricsType,synced)</onleft>
			<onleft condition="String.IsEqual(Window.Property(lyricsType),synced)">SetProperty(lyricsType,unsynced)</onleft>
			<onright condition="String.IsEqual(Window.Property(lyricsType),unsynced)">SetProperty(lyricsType,synced)</onright>
			<onright condition="String.IsEqual(Window.Property(lyricsType),synced)">SetProperty(lyricsType,unsynced)</onright>
			<visible allowhiddenfocus="true">False</visible>
			<width>100%</width>
			<height>100%</height>
		</control>
				
	</controls>
</window>
