<?xml version="1.0" encoding="utf-8"?>
<window>
		
	<controls>
		<control type="image">								
			<width>100%</width>
			<height>100%</height>											
			<texture colordiffuse="FFFFFFFF">colors/black.png</texture>
			<aspectratio aligny="center" align="center">scale</aspectratio>
			<bordersize>$PARAM[bordersize]</bordersize>
		</control>		
		<control type="image">			
			<left>1%</left>
			<width>36%</width>
			<height>99%</height>					
			<aspectratio aligny="center" align="center">keep</aspectratio>
			<texture fallback="DefaultAddon.png" background="true">$VAR[ListItemImageVar]</texture>
			<bordersize>0</bordersize>	
		</control>	
		
		
		<include content="ItemInfo">
			<param name="width" value="62%"/>		
			<param name="height" value="99%"/>	
			<param name="top" value="20"/>	
			<param name="left" value="37%"/>									
		</include>		
							
										
		
	</controls>
</window>
