<?xml version="1.0" encoding="UTF-8"?>
<window>
	<defaultcontrol always="true">20</defaultcontrol>	
	<onload>RunScript(skin.estuary.flex,OverrideSetting,filelists.showparentdiritems,true)</onload>	
	<onunload>RunScript(skin.estuary.flex,RestoreSetting,filelists.showparentdiritems)</onunload>
	<controls>
		<include>Background</include>
		<include>TopBar</include>
		
		<control type="image">																		
			<width>100%</width>				
			<top>11%</top>					
			<height>85%</height>											
			<colordiffuse>AA000000</colordiffuse>			
			<texture>dialogs/dialog-bg-nobo.png</texture>
			<bordersize>0</bordersize>				
		</control>
		
		<control type="group">
			<width>48%</width>
			<left>1%</left>
			<top>12%</top>
			<height>83%</height>		
			<control type="label" id="101">
				<width>98%</width>
				<left>1%</left>
				<scroll>true</scroll>
			</control>
			<control type="panel" id="20">
				<onright>21</onright>
				<onleft>60</onleft>
				<width>98%</width>
				<left>2%</left>
				<top>6%</top>
				<height>94%</height>				
				<orientation>vertical</orientation>					
				<pagecontrol>60</pagecontrol>
				<include>ItemLayoutList</include>
			</control>
			<control type="scrollbar" id="60">												
				<left>5</left>
				<width>5</width>						
				<top>6%</top>					
				<height>94%</height>															
				<onright>20</onright>		
				<orientation>vertical</orientation>								
			</control>
		</control>

		<control type="group">
			<width>48%</width>
			<right>1%</right>
			<top>12%</top>
			<height>83%</height>					
			<control type="label" id="102">
				<width>98%</width>
				<left>1%</left>
				<scroll>true</scroll>
			</control>
			<control type="panel" id="21">
				<onleft>20</onleft>
				<onright>61</onright>					
				<width>98%</width>				
				<top>6%</top>
				<height>94%</height>					
				<orientation>vertical</orientation>					
				<pagecontrol>61</pagecontrol>
				<include>ItemLayoutList</include>
			</control>
			<control type="scrollbar" id="61">												
				<right>5</right>
				<width>5</width>						
				<top>6%</top>					
				<height>94%</height>															
				<onleft>21</onleft>		
				<orientation>vertical</orientation>								
			</control>
		</control>
		
		
	</controls>
</window>
