<?xml version="1.0" encoding="UTF-8"?>
<includes>
	
	<include name="Clock">
		<control type="label">
			<right>10</right>
			<width>400</width>					
			<align>right</align>
			<aligny>top</aligny>					
			<font>font_clock</font>
			<shadowcolor>text_shadow</shadowcolor>										
			<label>$INFO[System.Time]</label>
		</control>
		<control type="button">
			<right>10</right>
			<width>400</width>							
			<height>100</height>
			<!--onclick>ActivateWindow(settings)</onclick-->
			<onclick>Action(Back)</onclick>			
			<visible allowhiddenfocus="true">False</visible>
		</control>
	</include>
	
	<include name="KodiLogo">
		<control type="image">
			<left>20</left>
			<top>30</top>
			<aspectratio>keep</aspectratio>
			<width>56</width>
			<height>56</height>
			<texture >special://skin/resources/kodi.png</texture>
			<aspectratio align="center" aligny="center">scale</aspectratio>
		</control>
		<control type="button">
			<left>20</left>
			<top>30</top>
			<width>56</width>
			<height>56</height>
			<!--onclick>ActivateWindow(settings)</onclick-->
			<!--onclick>Action(Back)</onclick-->
			<onclick>SetFocus(9000,0)</onclick>
			<visible allowhiddenfocus="true">False</visible>
		</control>
	</include>
	
	<include name="TopBar">		
		<include>Clock</include>
		<include>KodiLogo</include>	
		<control type="label">
			<left>100</left>
			<width>1000</width>								
			<aligny>top</aligny>					
			<font>font_clock</font>											
			<label>$VAR[TopBarLabelVar]</label>
		</control>		
	</include>
	
	<include name="Background">
		<param name="fanart">false</param>		
		<definition>
			<control type="image">
				<width>100%</width>
				<height>100%</height>
				<aspectratio>scale</aspectratio>			
				<texture background="true" colordiffuse="$VAR[BackgroundDiffuseVar]">$VAR[BackgroundTextureVar]</texture>				
			</control>
		</definition>
	</include>
	
	<include name="HomeWidget">
		<param name="label"></param>
		<param name="id">100000</param>
		<param name="path"></param>
		<param name="target"></param>
		<param name="sortby"></param>
		<param name="sortorder"></param>
		<param name="shape"></param>
		<param name="infoupdate"></param>
		<definition>
			<control type="label" id="$PARAM[id]98">
				<label>$PARAM[label]</label>
				<height>50</height>
				<width>50%</width>
				<aligny>top</aligny>
				<visible>Integer.IsGreater(Container($PARAM[id]).NumItems,0) | Container($PARAM[id]).IsUpdating</visible>
			</control>
			<control type="label" id="$PARAM[id]99">
				<visible>false</visible>
				<label>$PARAM[shape]</label>
			</control>
			<control type="panel" id="$PARAM[id]">															
				<orientation>horizontal</orientation>			
				<include content="ItemLayoutImageFlex">
					<param name="shapeLabelId" value="$PARAM[id]99"/>
					<param name="infoupdate" value="$PARAM[infoupdate]"/>
				</include>
				<content sortby="$PARAM[sortby]" sortorder="$PARAM[sortorder]" target="$PARAM[target]">$PARAM[path]</content>
				<width>97%</width>				
				<height>420</height>
				<visible>Integer.IsGreater(Container($PARAM[id]).NumItems,0) | Container($PARAM[id]).IsUpdating</visible>
				<nested/>
			</control>
		</definition>
	</include>
	
	
	<include name="FlexButton">	
		<control type="radiobutton" id="$PARAM[id]">							
			<textureradioonfocus colordiffuse="white">$PARAM[textureon]$PARAM[texture]</textureradioonfocus>
			<textureradioonnofocus>$PARAM[textureon]$PARAM[texture]</textureradioonnofocus>
			<textureradioofffocus colordiffuse="white">$PARAM[textureoff]$PARAM[texture]</textureradioofffocus>
			<textureradiooffnofocus>$PARAM[textureoff]$PARAM[texture]</textureradiooffnofocus>		
			<texturefocus colordiffuse="button_focus">osd/fullscreen/buttons/button-fo.png</texturefocus>						
			<width>60</width>
			<height>60</height>
			<radiowidth>58</radiowidth>
			<radioheight>58</radioheight>		
			<font></font>
			<texturenofocus />		
			<radioposx>1</radioposx>
			<radioposy>0</radioposy>			
			<nested/>
		</control>
	</include>
	
	
	
	<include name="SideMenu">
		<param name="returnid">50</param>
		<definition>
		<control type="group">								
			<left>-450</left>
			<top>150</top>	
			<height>830</height>
			<width>450</width>					
			<animation type="Conditional" condition="Control.HasFocus(9000) | ControlGroup(9100).HasFocus()" reversible="true">
				<effect type="slide" start="0" end="450" time="0" tween="cubic" easing="out" />
			</animation>
			<control type="image">					
				<width>100%</width>
				<height>100%</height>																		
				<texture>colors/black.png</texture>
				<bordersize>3</bordersize>
				<bordertexture infill="true" colordiffuse="button_focus">buttons/thumbnail_focused.png</bordertexture>						
			</control>				
			
			<control type="panel" id="9000">				
				<top>10</top>
				<left>10</left>
				<width>430</width>
				<height>700</height>																	
				<orientation>vertical</orientation>
				<onleft>$PARAM[returnid]</onleft>
				<onright>$PARAM[returnid]</onright>	
				<ondown>9100</ondown>
				<onup>9100</onup>				
				<movement>10</movement>				
				<focusedlayout height="70" width="430">
					<control type="image">
						<width>100%</width>
						<height>100%</height>
						<texture colordiffuse="button_focus">lists/focus.png</texture>									
					</control>
					<control type="image">
						<width>70</width>
						<height>100%</height>
						<aspectratio align="center" aligny="center">keep</aspectratio>
						<texture colordiffuse="FFFFFFFF">$INFO[ListItem.Art(thumb)]</texture>
					</control>
					<control type="label">
						<height>100%</height>
						<aligny>center</aligny>
						<left>70</left>
						<width>310</width>
						<label>$INFO[ListItem.Label]</label>
					</control>
				</focusedlayout>
				<itemlayout height="70" width="430">
					<control type="image">
						<width>70</width>
						<height>100%</height>
						<aspectratio align="center" aligny="center">keep</aspectratio>
						<texture colordiffuse="FFFFFFFF">$INFO[ListItem.Art(thumb)]</texture>
					</control>
					<control type="label">
						<height>100%</height>
						<aligny>center</aligny>
						<left>70</left>
						<width>310</width>
						<label>$INFO[ListItem.Label]</label>					
					</control>
				</itemlayout>				
				<content>
					
					<!-- Home -->					
					<item>
						<label>Refresh</label>
						<onclick>Action(Right)</onclick>
						<onclick>RunScript(skin.estuary.flex,Refresh)</onclick>
						<thumb>special://skin/resources/icons/update.png</thumb>						
						<visible>Window.IsActive(home)</visible>
					</item>															
					<item>
						<label>Addons Browser</label>
						<onclick>Action(Right)</onclick>
						<onclick>ActivateWindow(addonbrowser,return)</onclick>
						<thumb>special://skin/resources/icons/addon.png</thumb>						
						<visible>Window.IsActive(home)</visible>
					</item>
					<item>
						<label>Addons Update</label>
						<onclick>Action(Right)</onclick>
						<onclick>UpdateAddonRepos</onclick>
						<thumb>special://skin/resources/icons/dependencies.png</thumb>						
						<visible>Window.IsActive(home)</visible>
					</item>
					<item>
						<label>System Info</label>
						<onclick>Action(Right)</onclick>
						<onclick>ActivateWindow(systeminfo)</onclick>						
						<thumb>special://skin/resources/icons/info.png</thumb>						
						<visible>Window.IsActive(home)</visible>
					</item>
					
					<!-- PVR -->
					<item>
						<label>Group ($INFO[Control.GetLabel(29)])</label>										
						<thumb>special://skin/resources/icons/grip.png</thumb>						
						<visible>Window.IsActive(tvchannels)</visible>
						<onclick>Action(Right)</onclick>
						<onclick>SendClick(28)</onclick>
					</item>
					<item>
						<label>Guide</label>										
						<thumb>special://skin/resources/icons/table.png</thumb>						
						<visible>Window.IsActive(tvchannels)</visible>
						<onclick>ActivateWindow(tvguide)</onclick>
					</item>
					<!--item>
						<label>Timers</label>										
						<thumb>special://skin/resources/icons/clock.png</thumb>						
						<visible>Window.IsActive(tvchannels)</visible>
						<onclick>ActivateWindow(tvtimers)</onclick>
					</item>
					<item>
						<label>Recordings</label>										
						<thumb>special://skin/resources/icons/video.png</thumb>						
						<visible>Window.IsActive(tvchannels)</visible>
						<onclick>ActivateWindow(tvrecordings)</onclick>
					</item>
					<item>
						<label>Search</label>										
						<thumb>special://skin/resources/icons/video.png</thumb>						
						<visible>Window.IsActive(tvchannels)</visible>
						<onclick>ActivateWindow(tvsearch)</onclick>
					</item-->
					
					<!-- Navigation -->
					<item>
						<label>View Mode ($INFO[Container.Viewmode])</label>
						<onclick>Action(Right)</onclick>
						<onclick>RunScript(skin.estuary.flex,SetViewMode)</onclick>						
						<thumb>special://skin/resources/icons/eye.png</thumb>						
						<visible>!Window.IsActive(videoplaylist) + !Window.IsActive(musicplaylist) + !Window.IsActive(home) + !Window.IsActive(tvchannels)</visible>
					</item>
					<item>
						<label>Refresh</label>
						<onclick>Action(Right)</onclick>
						<onclick>Container.Refresh</onclick>						
						<thumb>special://skin/resources/icons/update.png</thumb>						
						<visible>!Window.IsActive(videoplaylist) + !Window.IsActive(musicplaylist) + !Window.IsActive(home) + !Window.IsActive(tvchannels)</visible>
					</item>
					<item>
						<label>Addon Settings</label>
						<onclick>Action(Right)</onclick>
						<onclick>Addon.OpenSettings($INFO[Container.PluginName])</onclick>						
						<thumb>special://skin/resources/icons/settings.png</thumb>						
						<visible>!Window.IsActive(videoplaylist) + !Window.IsActive(musicplaylist) + !String.IsEmpty(Container.PluginName)</visible>
					</item>
					
					
					<!-- Common (except playlist) -->
					<item>
						<label>Log Viewer</label>
						<onclick>Action(Right)</onclick>
						<onclick>RunScript(skin.estuary.flex,ViewLog)</onclick>				
						<!--onclick>ActivateWindow(eventlog)</onclick-->										
						<thumb>special://skin/resources/icons/message.png</thumb>						
						<visible>!Window.IsActive(videoplaylist) + !Window.IsActive(musicplaylist)</visible>
					</item>
					<item>
						<label>File Manager</label>
						<onclick>Action(Right)</onclick>
						<onclick>ActivateWindow(filemanager)</onclick>						
						<thumb>special://skin/resources/icons/folder-open.png</thumb>						
						<visible>!Window.IsActive(videoplaylist) + !Window.IsActive(musicplaylist)</visible>
					</item>					
					<item>
						<label>Kodi Settings</label>
						<onclick>Action(Right)</onclick>
						<onclick>ActivateWindow(settings)</onclick>
						<thumb>special://skin/resources/icons/settings.png</thumb>						
						<visible>!Window.IsActive(videoplaylist) + !Window.IsActive(musicplaylist)</visible>
					</item>
					<!--item>
						<label>Skin Settings</label>
						<onclick>Action(Right)</onclick>
						<onclick>ActivateWindow(skinsettings)</onclick>
						<thumb>special://skin/resources/icons/skinsettings.png</thumb>						
						<visible>!Window.IsActive(videoplaylist) + !Window.IsActive(musicplaylist)</visible>
					</item-->					
					<item>
						<label>Exit Kodi</label>
						<onclick>Action(Right)</onclick>
						<onclick>ShutDown</onclick>
						<thumb>special://skin/resources/icons/power.png</thumb>
						<visible>Window.IsActive(home)</visible>						
					</item>
					
					<!-- Playlist -->
									
					
				</content>				
			</control>				
			
			<include content="PlayerMini">
				<visible>Player.HasMedia</visible>
				<bottom>60</bottom>
				<onleft>$PARAM[returnid]</onleft>
				<onright>$PARAM[returnid]</onright>	
				<ondown>9000</ondown>
				<onup>9000</onup>	
			</include>		
			<control type="label">				
				<align>center</align>
				<centerleft>50%</centerleft>				
				<width>94%</width>		
				<height>50</height>						
				<aligny>bottom</aligny>
				<bottom>10</bottom>
				<label>[COLOR button_focus]$VAR[NowPlayingTitleVar][/COLOR]</label>					
				<font>font23_narrow</font>
				<scroll>true</scroll>
				<visible>Player.HasMedia</visible>
			</control>		
			
		</control>
		</definition>
	</include>	
	
	
	
	<include name="NavigationStandard">		
		<defaultcontrol always="true">50</defaultcontrol>			
		<views>50,53,500</views>
		<menucontrol>9000</menucontrol>
		<controls>					
			<include>Background</include>
			<control type="group">						
				<include>View_50_List</include>
				<include>View_53_Shift</include>							
				<include>View_500_Wall</include>																								
				<include>TopBar</include>				
				<include>SideMenu</include>								
			</control>
		</controls>		
	</include>
	
	
	
	
	
	
	
	
</includes>
