<?xml version="1.0" encoding="UTF-8"?>
<window>
	<defaultcontrol always="true">53</defaultcontrol>
	<views>53</views>
	<controls>
		<include>Background</include>
		<include>TopBar</include>
		
		<control type="group">
			<control type="group">
				<description>Guide Timeline</description>				
				<control type="group">
					<top>140</top>					
					<control type="fixedlist" id="11">						
						<visible>false</visible>						
					</control>					
					<control type="group" id="63">
						<include content="EpgGrid">
							<param name="control_id" value="53"/>
							<param name="control_orientation" value="horizontal"/>
							<param name="control_top" value="0"/>
							<param name="viewtype_label" value="19300"/>
							<param name="progress_texture_border" value="5,10,5,10"/>
							<param name="progress_texture" value="windows/pvr/epg_progress_horizontal.png"/>
							<param name="has_rulerdate_layout" value="true"/>
							<param name="ruler_width" value="150"/>
							<param name="ruler_label_width" value="150"/>
							<param name="channel_width" value="310"/>
						</include>
					</control>
				</control>
				<control type="group">
					<bottom>30</bottom>
					<height>300</height>
					<control type="image">
						<top>10</top>
						<left>30</left>
						<width>290</width>
						<height>250</height>
						<aspectratio align="center" aligny="center">keep</aspectratio>
						<fadetime>400</fadetime>
						<texture>$INFO[ListItem.Icon]</texture>
					</control>
					<control type="group">
						<top>0</top>
						<left>350</left>
						<control type="label">
							<width>70%</width>
							<height>30</height>
							<label>[B]$INFO[ListItem.EpgEventTitle][/B] $INFO[ListItem.Year,([COLOR grey],[/COLOR])]</label>
						</control>
						<control type="label">
							<top>0</top>
							<right>30</right>
							<width>30%</width>
							<height>30</height>
							<align>right</align>
							<label>[COLOR button_focus]$INFO[ListItem.StartTime,[COLOR grey]$LOCALIZE[555]:[/COLOR] ][/COLOR]$INFO[ListItem.EndTime,[COLOR button_focus] - ,[/COLOR]]</label>
						</control>
						<control type="label">
							<top>35</top>
							<width>60%</width>
							<height>30</height>
							<label>$VAR[FlagDashLabel][I][COLOR grey]$VAR[SeasonEpisodeLabel][/COLOR]$INFO[ListItem.EpisodeName,[COLOR white],[/COLOR]][/I]</label>
						</control>
						<control type="label">
							<top>35</top>
							<right>30</right>
							<width>40%</width>
							<height>30</height>
							<align>right</align>
							<label>$INFO[ListItem.Genre,[COLOR grey]$LOCALIZE[515]:[/COLOR] ]</label>
						</control>
					</control>
					<control type="textbox">
						<left>350</left>
						<top>85</top>
						<right>30</right>
						<height>170</height>
						<align>justify</align>
						<label>$INFO[ListItem.Plot]</label>
						<autoscroll delay="10000" time="3000" repeat="10000">Skin.HasSetting(AutoScroll)</autoscroll>
					</control>
				</control>
			</control>
			<include>PVRChannelNumberInput</include>
			
		</control>
						
		
		<control type="label" id="29">
			<visible>false</visible>
		</control>
		<control type="label" id="30">
			<visible>false</visible>
		</control>
	</controls>
</window>
