<?xml version="1.0" encoding="UTF-8"?>
<window>
	<defaultcontrol>605</defaultcontrol>	
	<controls>
		<include>Background</include>
		<include>TopBar</include>		
		
		<control type="image">																			
			<width>100%</width>				
			<top>11%</top>					
			<height>85%</height>											
			<colordiffuse>AA000000</colordiffuse>			
			<texture>dialogs/dialog-bg-nobo.png</texture>
			<bordersize>0</bordersize>				
		</control>
		
		<control type="grouplist" id="600">
			<top>13%</top>
			<height>81%</height>
			<width>100%</width>
			<control type="button" id="605">
				<label>Manage Home widgets</label>			
				<include>DefaultSettingButton</include>										
				<onclick>RunScript(skin.estuary.flex,Manage)</onclick>						
			</control>
			<control type="button" id="606">
				<label>Choose background</label>					
				<include>DefaultSettingButton</include>
				<onclick>RunScript(skin.estuary.flex,SetBackground)</onclick>					
			</control>
			<control type="radiobutton" id="607">
				<label>Show fanart as background</label>
				<include>DefaultSettingButton</include>
				<onclick condition="!String.IsEqual(Skin.String(fanartbackground),true)">Skin.SetString(fanartbackground,true)</onclick>
				<onclick condition="String.IsEqual(Skin.String(fanartbackground),true)">Skin.SetString(fanartbackground,false)</onclick>
				<selected>String.IsEqual(Skin.String(fanartbackground),true)</selected>
			</control>			
			<control type="radiobutton" id="608">
				<label>Touch mode</label>
				<include>DefaultSettingButton</include>
				<onclick>Skin.ToggleSetting(touchmode)</onclick>
				<selected>Skin.HasSetting(touchmode)</selected>
			</control>													
		</control>		
	</controls>
</window>
