<?xml version="1.0" encoding="UTF-8"?>
<includes>
	<include name="View_53_Shift">	
		<control type="fixedlist" id="53">	
			<movement>3</movement>			
			<bottom>5%</bottom>		
			<left>2%</left>			
			<width>96%</width>
			<height>420</height>									
			<orientation>horizontal</orientation>			
			<onup>9000</onup>
			<ondown>50600</ondown>				
			<pagecontrol>50600</pagecontrol>
			<viewtype label="Shift">icon</viewtype>				
			<include>ItemLayoutImageFlex</include>															
		</control>		
		<control type="group">
			<visible>String.IsEqual(Container.Viewmode,Shift) + !Container(53).IsUpdating + !String.IsEqual(ListItem.Label,..)</visible>							
			<include content="ItemInfo">
				<param name="width" value="96%"/>
				<param name="height" value="460"/>
				<param name="left" value="2%"/>
				<param name="top" value="11%"/>					
			</include>												
			<control type="scrollbar" id="50600">
				<bottom>2%</bottom>
				<left>2%</left>																				
				<height>5</height>
				<width>96%</width>						
				<onup>53</onup>				
				<orientation>horizontal</orientation>								
			</control>		
		</control>					
	</include>	
</includes>
