[
    {
        "action": "ActivateWindow(Videos,root,return)",
        "label": "Video",
        "thumb": "special://skin/resources/icons/video.png",
        "widgets": [
            {
                "type": "dynamic",
                "label": "Video Addons",
                "content": "videos",
                "source": "addons://sources/video/",
                "shape": "square"
            },
            {
                "type": "dynamic",
                "label": "Video Sources",
                "content": "videos",
                "source": "sources://video/",
                "shape": "square"
            }
        ],
        "index": 0
    },
    {
        "action": "ActivateWindow(TVChannels)",
        "label": "PVR TV",
        "thumb": "special://skin/resources/icons/tv.png",
        "widgets": [
            {
                "type": "dynamic",
                "label": "TV Channels",
                "source": "pvr://channels/tv/*",
                "shape": "square"
            },
            {
                "type": "dynamic",
                "label": "Radio Channels",
                "source": "pvr://channels/radio/*",
                "shape": "square"
            }
        ],
        "index": 1
    },
    {
        "action": "ActivateWindow(Music,root,return)",
        "label": "Music",
        "thumb": "special://skin/resources/icons/music.png",
        "widgets": [
            {
                "type": "dynamic",
                "label": "Music Addons",
                "content": "music",
                "source": "addons://sources/audio/",
                "shape": "square"
            },
            {
                "type": "dynamic",
                "label": "Music Sources",
                "content": "music",
                "source": "sources://music/",
                "shape": "square"
            }
        ],
        "index": 2
    },
    {
        "action": "ActivateWindow(Pictures,root,return)",
        "label": "Pictures",
        "thumb": "special://skin/resources/icons/image.png",
        "widgets": [
            {
                "type": "dynamic",
                "label": "Pictures Addons",
                "content": "pictures",
                "source": "addons://sources/image/",
                "shape": "square"
            },
            {
                "type": "dynamic",
                "label": "Pictures Sources",
                "content": "pictures",
                "source": "sources://pictures/",
                "shape": "square"
            }
        ],
        "index": 3
    },
    {
        "action": "ActivateWindow(Games)",
        "label": "Games",
        "thumb": "special://skin/resources/icons/game.png",
        "widgets": [
            {
                "type": "dynamic",
                "label": "Games Addons",
                "content": "games",
                "source": "addons://sources/game/",
                "shape": "square"
            }
        ],
        "index": 4
    },
    {
        "action": "ActivateWindow(Programs)",
        "label": "Programs",
        "thumb": "special://skin/resources/icons/cubes.png",
        "widgets": [
            {
                "type": "dynamic",
                "label": "Programs Addons",
                "content": "programs",
                "source": "addons://sources/executable/",
                "shape": "square"
            },
            {
                "type": "dynamic",
                "label": "Andoid Apps",
                "content": "programs",
                "source": "androidapp://sources/apps/",
                "shape": "square"
            }
        ],
        "index": 5
    },
    {
        "action": "",
        "label": "Favorites",
        "thumb": "special://skin/resources/icons/star.png",
        "widgets": [
            {
                "type": "dynamic",
                "label": "Favorites",
                "content": "",
                "source": "favourites://",
                "shape": "square"
            }
        ],
        "index": 6
    }
]