<?xml version="1.0" encoding="UTF-8"?>
<addon id="plugin.video.ytube" version="2.36" name="YouTube" provider-name="Stas Blagodatny">
<requires>
  <import addon="xbmc.python" version="3.0.0"/>
  <import addon="script.module.requests"/>
  <import addon="script.module.beautifulsoup4"/>
  <import addon="script.module.future"/>
  <import addon="script.module.helpers"/>
  <import addon="script.module.youtube"/>
</requires>
<extension point="xbmc.python.pluginsource" library="main.py">
  <provides>video</provides>
</extension>
<extension point="xbmc.python.module" library="." />  
<extension point="xbmc.addon.metadata">
  <summary lang="en">YouTube</summary>
  <description lang="en">YouTube</description>
  <assets><icon>icon.png</icon><fanart>fanart.jpg</fanart></assets>
</extension>
</addon>
